ORDEN,CODIGO,X (UTM),Y (UTM),ELEVACION,ESTACION,NOMBRE_CUE,UBICACION,TIPO,LATITUD,LONGITUD,PRECIPITAC,DESDE,HASTA
1,101,218900,2158700,45,DON MIGUEL,Rio Masacre,Don Miguel,CL NO,19 30 10,71 40 40,1424.5,65,96
2,201,231700,2156900,200,PARTIDO,Rio Chacuey,Partido,LT,19 29 20,71 33 20,1425.6,61,96
3,402,319400,2134600,300,TAVERA,Rio Yaque del Norte,Tavera,LT,,,,,
4,401,328200,2115900,500,JARABACOA,Rio Yaque del Norte,Jarabacoa,CL INDR,,,,,
5,101,218900,2158600,5,DON MIGUEL,Rio Yaque del Norte,DON MIGUEL,LT,19 30 10,71 40 40,1424.5,65,96
6,5408,246400,2107600,1215,CATANAMATIA,Rio Artibonito,Catanamatia,CL INDR,19 02 58,71 24 32,1421.6,79,96
7,5401,227100,2089700,430,MATAYAYA,Rio Artibonito,Matayaya,CL INDR,,,,,
8,5411,230913,2106562,518,SABANA MULA,Rio Artibonito,Sabana Mula,CL NO,19 02 02,71 33 23,964.8,81,96
9,602,283831,2194018,30,LA ISABELA,Rio Bajabonico,La Isabela,CL INDR,,,,,
10,2603,517633,2067237,130,NARANJO DE CHINA,Rio Chavon,Naranjo de China,LH,18 41 46,68 49 58,1655,0,0
11,3401,394200,2040200,10,ENGOMBE,Rio Haina,Engombe,CL INDR,18 27 00,70 00 07,1636.4,0,0
12,3403,371783,2057889,220,Presa Mana - La Finca,Rio Haina,Presa Mana - La Finca,LH,,,,,
13,4601,312800,2055500,500,PERALTA,Rio Jura,Peralta,CL NO,,,,,
14,4602,317100,2042200,140,RESOLI,Rio Jura,Resoli,CL NO,,,,,
15,5312,246800,2021400,35,ANGOSTURA,Lago Enriquillo,Angostura,CL INDR,18 16 12,71 23 46,543.9,76,96
16,5301,242700,2047500,100,NEYBA,Lago Enriquillo,Neyba,CL NO,18 30 17,71 26 15,584.4,68,94
17,5302,228100,2027400,400,PUERTO ESCONDIDO,Lago Enriquillo,Puerto Escondido,CL INDR,18 19 15,71 34 20,621.1,67,96
18,101,218930,2158681,45,DON MIGUEL,Rio Chacuey,Don Miguel,LH,19 30 10,71 40 40,1424.5,65,96
19,201,231743,2156947,200,PARTIDO,Rio Chacuey,Partido,LD NO,19 29 20,71 33 20,1425.6,61,96
20,1601,398389,2131443,180,Cinta Negra,Rio Nagua,Cinta Negra,LH,,,,,
21,1602,398389,2131443,180,El Pozo - Nagua,Rio Nagua,El Pozo - Nagua,LH,,,,,
22,3804,350914,2050725,1170,LA LAGUNA,Rio Nizao,La Laguna,LH,18 32 30,70 24 45,967.9,62,94
23,3801,346800,2058800,580,NIZAO,Rio Nizao,Nizao,CL NO,18 36 53,70 27 07,1054,0,0
24,3806,352224,2049485,680,Palo de Caja,Rio Nizao,Palo de Caja,LH,,,,,
25,3802,364700,2035800,160,VALDESIA,Rio Nizao,Valdesia,CL NO,18 24 30,70 16 50,1726,63,96
26,4425,334100,2047800,530,EL MEMISO,Rio Ocoa,El Memiso,CL INDR,18 30 57,70 34 17,1106.6,0,0
27,4401,344100,2050900,600,EL NARANJAL OCOA,Rio Ocoa,El Naranjal - Ocoa,CL INDR,,,,,
28,4426,338700,2061900,1000,LOS ARROYOS,Rio Ocoa,Los Arroyos,CL INDR,18 38 35,70 31 46,1338.8,0,0
29,3306,420889,2095674,320,Gonzalo,Rio Ozama,Gonzalo,LH,,,,,
30,3313,403220,2043932,47,STO DGO,Rio Ozama,Santo Domingo,LH,18 29 00,69 55 00,1438.2,31,80
31,3001,495316,2074882,120,EL SEYBO,Rio Soco,El Seybo,LH,18 45 55,69 02 40,1263.3,68,96
32,3003,484729,2089703,500,Pedro S nchez,Rio Soco,Pedro S nchez,LH,,,,,
33,401,327616,2116108,500,JARABACOA,Rio Yaque del Norte,JARABACOA,LH,19 07 50,70 38 20,1517.2,68,96
34,402,319272,2114650,300,TAVERA,Rio Yaque del Norte,TAVERA,LH,,,,,
35,403,296306,2139186,530,S. JOSE DE LAS MATAS,Rio Yaque del Norte,S. Jose de las Matas,CL NO,,,,,
36,404,316716,2151116,160,SANTIAGO ISA,Rio Yaque del Norte,Santiago Isa,CL INDR,19 26 45,70 44 45,965.2,67,95
37,406,284817,2167215,60,MAO VALVERDE,Rio Yaque del Norte,Mao Valverde,CL INDR,19 35 17,71 03 05,647.6,68,96
38,408,248012,2172710,48,LA ANTONA,Rio Yaque del Norte,La Antona,CL INDR,19 38 00,71 24 10,714.9,67,96
39,409,328631,2099494,1120,EL RIO CONSTANZA,Rio Yaque del Norte,EL RIO CONSTANZA,LH,18 58 50,70 37 40,1317.6,60,94
40,410,311175,2108889,900,MANABAO,Rio Yaque del Norte,Manabao,LH,19 03 50,70 47 40,1522.2,60,0
41,411,291036,2125098,1000,MATA GRANDE,Rio Yaque del Norte,Mata Grande,CL INDR,19 12 03,70 59 15,1858.7,60,86
42,412,277050,2145041,220,MAGUA MONCION,Rio Yaque del Norte,MAGUA MONCION,LH,19 23 13,71 07 22,1184.6,60,96
43,430,290079,2105242,3072,PICO DUARTE,Rio Yaque del Norte,PICO DUARTE,LH,,,,,
44,438,313981,2120330,760,JANEY,Rio Yaque del Norte,JANEY,LH,,,,,
45,439,284694,2117514,,LOMA DE LOS RIOS,Rio Yaque del Norte,LOMA DE LOS RIOS,LH,,,,,
46,440,307340,2133500,960,CAGUEYES,Rio Yaque del Norte,Caguelyes,LD INDH,,,,,
47,441,300531,2119672,615,DONAJA,Rio Yaque del Norte,DONAJA,LH,,,,,
48,445,324650,2111493,,LA PITA JARABACOA,Rio Yaque del Norte,LA PITA JARABACOA,LH,,,,,
49,449,302066,2112982,,LOMA QUEMADA,Rio Yaque del Norte,LOMA QUEMADA,LH,,,,,
50,4924,260006,2111944,1160,LOS VALENCIO,Rio Yaque del Sur,LOS VALENCIO,LH,19 05 10,71 16 51,1113.8,83,0
51,4939,317708,2095262,1340,TIBURCIO,Rio Yaque del Sur,TIBURCIO,LH,,,,,
52,4979,323162,2090321,1420,LOS MAGUEYES,Rio Yaque del Sur,LOS MAGUEYES,LH,,,,,
53,4983,319196,2091896,1215,EL VALLE CONSTANZA,Rio Yaque del Sur,Constanza,LD NO,18 54 40,70 43 00,938.1,68,96
54,4901,322600,2080300,2300,VALLE NUEVO,Rio Yaque del Sur,Constanza,CL NO,,,,,
55,4929,286357,2104638,1580,TIERRA SUCIA,Rio Yaque del Sur,TIERRA SUCIA,LH,,,,,
56,4932,276120,2104698,2000,AGUITA FRIA,Rio Yaque del Sur,AGUITA FRIA,LH,,,,,
57,4935,275417,2094987,1370,MANO JAVIER,Rio Yaque del Sur,MANO JAVIER,LH,,,,,
58,4942,317716,2096873,1650,ALTO DEL ACUCHADERO,Rio Yaque del Sur,ALTO DEL ACUCHADERO,LH,,,,,
59,4951,298404,2098845,1390,EL VALLECITO,Rio Yaque del Sur,EL VALLECITO,LH,,,,,
60,4956,297836,2086257,0,GAJO DEL MONTE,Rio Yaque del Sur,GAJO DEL MONTE,LH,,,,,
61,4964,301210,2071045,1030,MONTE BONITO,Rio Yaque del Sur,MONTE BONITO,LH,,,,,
62,4967,313626,2067350,880,NARANJITO LAS CUEVAS,Rio Yaque del Sur,NARANJITO LAS CUEVAS,LH,,,,,
63,4970,316680,2071072,1760,LOMA DE ATANACIO,Rio Yaque del Sur,LOMA DE ATANACIO,LH,,,,,
64,4972,320852,2078350,2420,CABEZA ARR. GUAYABAL,Rio Yaque del Sur,GUAYABAL,LH,,,,,
65,4973,323564,2080200,1980,VALLE LOS MANIELEROS,Rio Yaque del Sur,VALLE LOS MANIELEROS,LH,,,,,
66,4976,330317,2066056,1690,LAS ESPINAS,Rio Yaque del Sur,LAS ESPINAS,LH,,,,,
67,4923,270328,2116519,1685,LOS BARREROS,Rio Yaque del Sur,LOS BARREROS,LH,,,,,
68,1801,369672,2132977,110,SAN FCO. DE MACORIS,Yuna,San Francisco de Macoris,LH,19 17 10,70 14 25,1420.4,0,0
69,1802,354007,2090360,178,JUMA BONAO,Yuna,Juma - Bonao,LH,,,,,
70,1803,413830,2117960,8,EL LIMON,Yuna,Limon del Yuna,LH,,,,,
71,1806,368090,2095481,80,HATILLO YUNA,Yuna,Hatillo,LH,,,,,
72,1814,417029,2115287,48,BARRAQUITO,Yuna,Barraquito,LH,19 07 50,69 47 20,2014.4,0,0
73,1816,347799,2153133,685,JOSE CONTRERAS,Yuna,Jose Contreras,LH,19 28 00,70 27 00,1640.9,0,0
74,1817,333904,2087269,1020,LOS BOTADOS,Yuna,Los Botados,LH,,,,,
75,1818,339058,2056786,1096,Los Mechesitos,Yuna,Los Mechesitos,TEL LD,,,,,
76,1823,319443,2099242,1540,Cruz de Cuaba,Yuna,Cruz de Cuaba,LH,,,,,
77,1828,348411,2075032,1100,El Torito,Yuna,El Torito,LH,,,,,
78,1830,344802,2077829,1225,EL NOVILLO,Yuna,El Novillo,LH,,,,,
79,1835,359511,2082939,0,Loma del Medio,Rio Yuna,Loma del Medio,LH,,,,,
80,1815,371447,2115750,48,LA ANGELINA,Yuna,La Angelina,LD NO,,,,,
81,1843,420145,2120055,20,EL AGUACATE,Rio Yuna,El Aguacate,LH,,,,,
82,4903,273277,2075390,378,SAN JUAN DE LA MAGUANA,Rio Yaque del Sur,San Juan de la Maguana,CL INDR,18 45 27,71 09 02,685.9,67,96
83,4904,268800,2024389,4,EL PENON,Rio Yaque del Sur,El Peñon,CL INDR,18 17 47,71 11 16,652.9,68,96
84,4906,257261,2000764,861,LA CIENEGA,Rio Yaque del Sur,La Cienaga,LH,19 04 54,71 17 36,1077.9,60,96
85,4907,279637,2083096,520,LA FLORIDA,Rio Yaque del Sur,La Florida,LH,18 49 40,71 05 28,1320.2,60,96
86,4916,306000,2074000,710,GUAYABAL P. LAS CASAS,Rio Yaque del Sur,Padre  Las Casas,CL INDR,18 45 00,70 50 26,1102.6,79,96
87,4922,263969,2117614,1620,Los Pinales,Rio Yaque del Sur,Los Pinales,LH,,,,,
88,230001,431988,2067567,38,Anamuya,Rio Anamuya/Anamuya,Anamuya,QD INDR,,,,,
89,540001,222841,2118527,279,El Corte,Rio Artibonito,El Corte,QD INDR,,,,,
90,540003,196317,2097342,155,LAS DOS BOCAS,Rio Artibonito,Las Dos Bocas,QD INDR,,,,,
91,540002,216783,2114404,253,Pedro Santa,Rio Artibonito,Pedro Santa,QD INDR,,,,,
92,543501,222455,2088841,400,Olivero,Rio Artibonito/Arroyo Alonz,Olivero,QD INDR,,,,,
93,543301,230571,2097091,390,Manjil,Rio Artibonito/Arroyo Leand,Manjil,QD INDR,,,,,
94,543201,221671,2071561,780,Los Guineos,Rio Artibonito/Caña,Los Guineos,QD INDR,,,,,
95,543202,226005,2091250,371,Olivero,Rio Artibonito/Caña,Olivero,QD INDR,,,,,
96,543601,218997,2088739,363,El¡as Pi¤a,Rio Artibonito/Guazumal,El¡as Pi¤a,QD INDR,,,,,
97,541002,222928,2118434,281,El Corte,Rio Artibonito/Joca,El Corte,QD INDR,,,,,
98,541001,225328,2118582,313,Los Brito,Rio Artibonito/Joca,Los Brito,QD INDR,,,,,
99,543003,197924,2097101,156,Las Dos Boc,Rio Artibonito/Macas¡as,Las Dos Boc,QD INDR,,,,,
100,543001,235183,2071366,574,Puertecito,Rio Artibonito/Macas¡as,Puertecito,QD INDR,,,,,
101,543002,224863,2095205,328,Ranchito,Rio Artibonito/Macas¡as,Ranchito,QD INDR,,,,,
102,543004,208546,2098470,268,Rinconcito,Rio Artibonito/Macas¡as,Rinconcito,QD INDR,,,,,
103,543401,227827,2069471,780,Sonador,Rio Artibonito/Sonador,Sonador,QD INDR,,,,,
104,542001,227426,2180089,430,Cajuilito,Rio Artibonito/Tocino,Cajuilito,QD INDR,,,,,
105,543102,232063,2099100,390,Ca¤a Segura,Rio Artibonito/Yacahueque,Ca¤a Segura,QD INDR,,,,,
106,543101,237224,2101795,484,Pozo Hondo,Rio Artibonito/Macas¡as,Pozo Hondo,QD INDR,,,,,
107,60002,296634,2191129,40,El Estrecho,Rio Bajabonico,El Estrecho,QD INDR,,,,,
108,60001,307889,2184883,108,IMBERT (MET),Rio Bajabonico,Imbert,QD INDR,19 45 00,70 50 00,1670.2,38,80
109,400001,358430,2032130,199,El Recodo,Rio Bani,El Recodo,QD INDR,,,,,
110,150001,390063,2149752,17,LOS JENGIBRES,Rio Boba,Los Jengibr,QD INDR,19 26 20,70 02 50,2402.1,0,0
111,20001,232035,2166789,80,La Espensa,Rio Chacuey / Chacuey,La Espensa,QD INDR,,,,,
112,20002,232436,2174106,35,La Pinta,Rio Chacuey / Chacuey,La Pinta,QD INDR,,,,,
113,260002,516390,2047658,12,Mira Pato,Rio Chav¢n / Chav¢n,Mira Pato,QD INDR,,,,,
114,260001,506737,2066124,59,Santa Luc¡a,Rio Chav¢n / Chav¢n,Santa Luc¡a,QD INDR,,,,,
115,261001,521500,2059600,72,Guanito,Rio Chavon Sanate,Guanito,QD INDR,,,,,
116,240001,526630,2063559,117,El Mamey,Rio Duey / Duey,El Mamey,QD INDR,,,,,
117,531001,246638,2044569,8,Cerro al Me,Lago Enriquillo,Cerro al Me,QD INDR,,,,,
118,534001,222377,2055736,118,Conuquitos,Lago Enriquillo,Conuquitos,QD INDR,,,,,
119,530101,251789,2052376,280,Millo,Lago Enriquillo,Millo,QD INDR,,,,,
120,533001,226971,2050747,60,Olivero,Lago Enriquillo,Olivero,QD INDR,,,,,
121,532001,228110,2027626,400,PUERTO ESCONDIDO,Lago Enriquillo,Puerto Esco,QD INDR,18 19 15,71 34 20,621.1,67,96
122,340002,378743,2055384,78,Caobal,Rio Haina / Haina,Caobal,QD INDR,,,,,
123,340004,381836,2048448,45,Los Corozos,Rio Haina / Haina,Los Corozos,QD INDR,,,,,
124,340001,381643,2050355,50,Ochoa,Rio Haina / Haina,Ochoa,QD INDR,,,,,
125,311001,457249,2059809,18,Excavaci¢n,Higuamo/Casu¡,Excavaci¢n,QD INDR,,,,,
126,311002,455500,2063870,22,Las Taranas,Higuamo/Casu¡,Las Taranas,QD INDR,,,,,
127,462001,307833,2051019,270,Carrizal,Rio Jura / Jura,Carrizal,QD INDR,,,,,
128,220001,533075,2080228,9,La Guama I,Rio Maim¢n / Maim¢n,La Guama I,QD INDR,,,,,
129,10002,215387,2163445,23,La Aduana,Rio Masacre,La Aduana,QD INDR,,,,,
130,13001,217390,2168398,30,Carbonera,Rio Masacre / Guajabo,Carbonera,QD INDR,,,,,
131,10001,218871,2158620,45,Don Miguel,Rio Masacre/ Masacre,Don Miguel,QD INDR,,,,,
132,160003,398509,2132118,39,Cinta Negra,Nagua / Nagua,Cinta Negra,QD INDR,,,,,
133,360001,376390,2045285,130,El Tablazo,Rio Nigua / Nigua,El Tablazo,QD INDR,,,,,
134,360002,383225,2035867,22,San Crist¢b,Rio Nigua / Nigua,San Crist¢b,QD INDR,,,,,
135,361001,375941,2039263,113,Pueblo Nuev,Rio Nigua / Yubazo,Pueblo Nuev,QD INDR,,,,,
136,510001,268165,1994101,122,Villa Nizao,Rio Nizaito/Nizaito,Villa Nizao,QD INDR,,,,,
137,380011,346211,2067457,659,Bocaina,Rio Nizao / Nizao,Bocaina,QD INDR,,,,,
138,380003,366224,2038622,135,El Ermita¤o,Rio Nizao / Nizao,El Ermita¤o,QD INDR,,,,,
139,380001,343609,2071598,722,La Estrechu,Rio Nizao / Nizao,La Estrechu,QD INDR,,,,,
140,380008,365537,2032663,81,La Iguana,Rio Nizao / Nizao,La Iguana,QD INDR,,,,,
141,380009,365303,2041057,192,La Pe¤ita,Rio Nizao / Nizao,La Pe¤ita,QD INDR,,,,,
142,380006,368616,2036453,118,mucho agua,Rio Nizao / Nizao,mucho agua,QD INDR,,,,,
143,380002,354239,2052144,465,Palo de Caj,Rio Nizao / Nizao,Palo de Caj,QD INDR,,,,,
144,380004,345383,2070077,699,Rancho Arri,Rio Nizao / Nizao,Rancho Arri,QD INDR,,,,,
145,380005,350366,2055587,525,R¡o Abajo,Rio Nizao / Nizao,R¡o Abajo,QD INDR,,,,,
146,380201,354074,2049747,479,Jiguey,Rio Nizao /Jiguey,Jiguey,QD INDR,,,,,
147,383001,362779,2049098,360,Los Cacaos,Rio Nizao/Mahomita,Los Cacaos,QD INDR,,,,,
148,440001,340371,2045492,335,Arroyo Limon,Rio Ocoa / Ocoa,Arroyo Limon,QD INDR,,,,,
149,440003,341739,2040592,253,Los Ranchito,Rio Ocoa / Ocoa,Los Ranchito,QD INDR,,,,,
150,440002,340207,2043402,303,Mendez,Rio Ocoa / Ocoa,Mendez,QD INDR,,,,,
151,330001,399808,2080836,57,Don Juan,Rio Ozama / Ozama,Don Juan,QD INDR,,,,,
152,330002,402165,2072493,19,Los Jobillo,Rio Ozama / Ozama,Los Jobillo,QD INDR,,,,,
153,331101,418614,2077056,22,EL CERRO,Rio Ozama/Boya,El Cerro,QD INDR,18 47 00,69 46 20,1831.9,60,88
154,332201,430881,2084937,119,Camar¢n,Rio Ozama/Camar¢n,Camar¢n,QD INDR,,,,,
155,332321,435500,2083538,112,El Salto,Rio Ozama/Comatillo,El Salto,QD INDR,,,,,
156,335001,402228,2067667,16,Gu numa,Rio Ozama/Gu numa,Gu numa,QD INDR,,,,,
157,333101,395265,2053533,16,Higuero,Rio Ozama/Higero,Higuero,QD INDR,,,,,
158,333002,395718,2050580,12,Isabela,Rio Ozama/Isabela,Isabela,QD INDR,,,,,
159,333001,395635,2051441,12,Palmarejo,Rio Ozama/Isabela,Palmarejo,QD INDR,,,,,
160,332101,429822,2083497,108,Hidalgo,Rio Ozama/Sabana,Hidalgo,QD INDR,,,,,
161,331001,409300,2080500,37,Cacique,Rio Ozama/Savita,Cacique,QD INDR,,,,,
162,331002,422425,2078239,18,Chirino,Rio Ozama/Savita,Chirino,QD INDR,,,,,
163,332001,436554,2066537,35,El Jobo,Rio Ozama/Yabacao,El Jobo,QD INDR,,,,,
164,334001,399149,2094365,29,El Ca¤o,Rio Ozama/Yamas ,El Ca¤o,QD INDR,,,,,
165,520002,210042,2002413,80,Paso Sena,Rio Pedernales,Paso Sena,QD INDR,,,,,
166,520001,210105,2000288,50,Pedernales,Rio Pedernales,Pedernales,QD INDR,,,,,
167,509001,273674,1994713,20,San Rafael,Rio San Rafael,San Rafael,QD INDR,,,,,
168,509002,273384,1995024,120,San Rafael,Rio San Rafael,San Rafael,QD INDR,,,,,
169,509101,273028,1994782,88,San Rafael,Rio San Rafael/Majagual,San Rafael,QD INDR,,,,,
170,301001,494981,2077719,130,Isabelita,Rio Soco / El Seybo,Isabelita,QD INDR,,,,,
171,300003,497394,2074944,90,El Llano,Rio Soco / Soco,El Llano,QD INDR,,,,,
172,300002,482678,2054113,18,Paso del Me,Rio Soco / Soco,Paso del Me,QD INDR,,,,,
173,200001,458045,2101362,8,La Cruz,Rio Yabon,La Cruz,QD INDR,,,,,
174,40008,283514,2167939,50,PUENTE SAN,Rio Yaque del Norte,PUENTE SAN,QD INDR,,,,,
175,40020,254162,2174747,,PE¥A RANCHA,Rio Yaque del Norte,PE¥A RANCHA,QD INDR,,,,,
176,40019,246613,2178883,,DIQUE JUAN,Rio Yaque del Norte,DIQUE JUAN,QD INDR,,,,,
177,40011,320466,2137978,,BAITOA,Rio Yaque del Norte,BAITOA,QD INDR,,,,,
178,40001,312041,2110633,,MANABAO,Rio Yaque del Norte,MANABAO,QD INDR,,,,,
179,40004,320030,2146931,,LAS CHARCAS,Rio Yaque del Norte,LAS CHARCAS,QD INDR,,,,,
180,40017,324884,2120777,,BOMA,Rio Yaque del Norte,BOMA,QD INDR,,,,,
181,40007,291902,2162303,,JINAMAGAO,Rio Yaque del Norte,JINAMAGAO,QD INDR,19 32 40,70 59 00,543.9,67,94
182,40018,323642,2125217,,LOS VELAZQU,Rio Yaque del Norte,LOS VELAZQU,QD INDR,,,,,
183,40012,320240,2138688,,LOPEZ,Rio Yaque del Norte,LOPEZ,QD INDR,,,,,
184,40014,321203,2150548,,SANTIAGO,Rio Yaque del Norte,SANTIAGO,QD INDR,,,,,
185,40010,231370,2186491,,PALO VERDE,Rio Yaque del Norte,PALO VERDE,QD INDR,,,,,
186,40002,323921,2111715,,PINAR QUEMA,Rio Yaque del Norte,PINAR QUEMA,QD INDR,,,,,
187,40015,248551,2175810,,PUENTE GUAY,Rio Yaque del Norte,PUENTE GUAY,QD INDR,,,,,
188,40009,274812,2171399,,JICOME,Rio Yaque del Norte,JICOME,QD INDR,,,,,
189,40016,266619,2171227,44,LA CANA,Rio Yaque del Norte,LA CANA,QD INDR,,,,,
190,40005,311506,2157781,,HATO YAQUE,Rio Yaque del Norte,HATO YAQUE,QD INDR,,,,,
191,40006,291928,2162057,,CACHEO,Rio Yaque del Norte,CACHEO,QD INDR,,,,,
192,40003,322041,2132030,375,TAVERA,Rio Yaque del Norte,TAVERA,QD INDR,,,,,
193,40013,320288,2149419,,PTE. VIEJO,Rio Yaque del Norte,PTE. VIEJO,QD INDR,,,,,
194,42002,316539,2136511,,SABANA IGLE,Yaque del Norte/Bao,SABANA IGLE,QD INDR,,,,,
195,42005,300487,2129052,,AGUA CALIEN,Yaque del Norte/Bao,AGUA CALIEN,QD INDR,,,,,
196,42006,292755,2124679,,SABANETA,Yaque del Norte/Bao,SABANETA,QD INDR,,,,,
197,42001,311188,2135643,,BAO,Yaque del Norte/Bao,BAO,QD INDR,,,,,
198,43101,294189,2137795,,INOA,YAQUE DEL NORTE/INOA,INOA,QD INDR,,,,,
199,44001,281734,2148613,,BULLA,Yaque del Norte/Mao,BULLA,QD INDR,,,,,
200,44003,281714,2154212,,MARTINEZ,Yaque del Norte/Mao,MARTINEZ,QD INDR,,,,,
201,44002,281152,2153511,,CHORRERA,Yaque del Norte/Mao,CHORRERA,QD INDR,,,,,
202,490004,284161,2074093,360,BOCA DE LOS,Rio Yaque del Sur,BOCA DE LOS,QD INDR,,,,,
203,490001,283920,2177438,300,EL PUENTE,Rio Yaque del Sur,EL PUENTE,QD INDR,,,,,
204,490002,283928,2064008,263,VILLARPANDO,Rio Yaque del Sur,VILLARPANDO,QD INDR,,,,,
205,490005,282791,2044000,88,QUITA CORAZ,Rio Yaque del Sur,QUITA CORAZ,QD INDR,,,,,
206,490003,270084,2024465,6,PALO ALTO,Rio Yaque del Sur,PALO ALTO,QD INDR,,,,,
207,490010,286812,2090732,670,JUNTA DE LO,Rio Yaque del Sur,JUNTA DE LO,QD INDR,,,,,
208,490011,287085,2086485,582,EL AGUACATE,Rio Yaque del Sur,EL AGUACATE,QD INDR,,,,,
209,490009,284842,2082389,480,EL PALMAR,Rio Yaque del Sur,EL PALMAR,QD INDR,,,,,
210,490006,272730,2037074,33,CONUQUITO,Rio Yaque del Sur,CONUQUITO,QD INDR,,,,,
211,490014,393947,2048469,150,LOS GUIROS,Rio Yaque del Sur,LOS GUIROS,QD INDR,,,,,
212,493201,279549,2083035,441,EL CACHEO,Rio Yaque del Sur/MIJO,EL CACHEO,QD INDR,,,,,
213,493203,274528,2101303,1480,FONDO NEGRO,Rio Yaque del Sur/MIJO,FONDO NEGRO,QD INDR,,,,,
214,493202,276192,2091318,685,EL POPOTE,Rio Yaque del Sur/MIJO,EL POPOTE,QD INDR,,,,,
215,491302,322022,2090485,1250,LOS MAGUEYE,Rio Yaque del Sur/PALERO,LOS MAGUEYE,QD INDR,,,,,
216,101001,349963,2171256,,JAMAO,Rio Yasica/JAMAO,JAMAO,QD INDR,,,,,
217,101301,351991,2162814,,PALMA HERRA,Rio Yasica/PARTIDO,PALMA HERRA,QD INDR,,,,,
218,103001,338570,2167942,,SONADOR,Rio Yasica/SONADOR,SONADOR,QD INDR,,,,,
219,100002,349991,2174546,15,LOS BRAZOS,YASICA/YASICA,LOS BRAZOS,QD INDR,,,,,
220,100003,331852,2172463,,YASICA,YASICA/YASICA,YASICA,QD INDR,,,,,
221,180001,346372,2089500,250,LOS QUEMADOS,Yuna/Yuna,Los Quemado,QD INDR,18 53 30,70 27 30,2552.7,60,96
222,180002,368090,2095481,76,Hatillo,Yuna/Yuna,Hatillo,QD INDR,,,,,
223,180003,404780,2119849,10,Villa Riva,Yuna/Yuna,Villa Riva,QD INDR,,,,,
224,180004,414000,2117960,8,El Lim¢n,Yuna/Yuna,El Lim¢n,QD INDR,,,,,
225,180007,370463,2100230,65,Los Platano,Yuna/Yuna,Los Platano,QD INDR,,,,,
226,180010,346538,2078829,582,El Pino De,Yuna/Yuna,El Pino De,QD INDR,,,,,
227,180011,344921,2081548,470,PIEDRA LOS VEGANOS,Yuna/Yuna,Piedra Los,QD INDR,,,,,
228,181001,346532,2074494,760,EL TORITO,Yuna/Arroyo Blanco,El Torito,QD INDR,,,,,
229,182001,339187,2085563,630,Los Guazaro,Yuna/Tireito,Los Guazaro,QD INDR,,,,,
230,183001,339740,2088571,465,Blanco,Yuna/Blanco,Blanco,QD INDR,,,,,
231,183101,328041,2092673,1165,Pinalito,Yuna/Tireo,Pinalito,QD INDR,,,,,
232,183102,334796,2088768,660,Tireo,Yuna/Tireo,Tireo,QD INDR,,,,,
233,184001,364216,2089883,96,Maim¢n,Yuna/Maim¢n,Maim¢n,QD INDR,,,,,
234,185001,333211,2127186,130,Bayacanes,Rio Yuna/Camu,Bayacanes,QD INDR,,,,,
235,185002,351920,2122044,56,Ranchito,Rio Yuna/Camu,Ranchito,QD INDR,,,,,
236,185003,381251,2117834,28,La Bija,Rio Yuna/Camu,La Bija,QD INDR,,,,,
237,185101,340929,2138033,96,Naranjal,Rio Yuna/Licey,Naranjal,QD INDR,,,,,
238,185201,352054,2113174,80,RINCON,Rio Yuna/Jima,Ric¢n,QD INDR,,,,,
239,185502,358469,2133983,81,Santa Ana,Rio Yuna/Cenovi,Santa Ana,QD INDR,,,,,
240,185602,363099,2128537,61,La Boca,Rio Yuna/Jaya,La Boca,QD INDR,,,,,
241,41001,328204,2116440,492,Hato Viejo,Rio Yaque del Norte/Jimenoa,Hato Viejo,QD INDR,,,,,
242,41002,331735,2112656,555,Casa de Maq,Rio Yaque del Norte/Jimenoa,Casa de Maq,QD INDR,,,,,
243,41003,333284,2103895,975,Redondo,Rio Yaque del Norte/Jimenoa,Redondo,QD INDR,,,,,
244,45001,249302,2160694,57,GUAYUBIN RINCON,Yaque del Norte/Guayubin,Rincon,QD INDR,19 31 30,71 23 20,984.7,67,96
245,45002,248007,2172342,38,La Antona,Rio Yaque del Norte/Guayubi,La Antona,QD INDR,,,,,
246,47003,235522,2171814,47,Santa Cruz,Yaque del Norte/Maguaca,Santa Cruz,QD INDR,,,,,
247,181101,347056,2099025,218,Los Arroces,Yuna/Masipedro,Los Arroces,QD INDR,,,,,
248,182101,339188,2085472,700,El Meche,Yuna/Toro Flaco,El Meche,QD INDR,,,,,
249,45102,255277,2153936,108,Mata de Job,Yaque del Norte/Yaguajay,Mata de Job,QD INDR,,,,,
250,43001,291949,2141087,330,Inoa,Yaque del Norte/Amina,Inoa,QD INDR,,,,,
251,42102,306389,2129235,441,El Higuero,Yaque del Norte/Jagua,El Higuero,QD INDR,,,,,
252,42203,317562,2121924,605,Bejucal,Yaque del Norte/GuanaJuma,Bejucal,QD INDR,,,,,
253,42801,309286,2138092,442,La Fortalez,Yaque del Norte/Janico,La Fortalez,QD INDR,,,,,
254,45301,367970,2167701,59,CANA CHAPETON,Rio Yaque del Norte/Cana,Cana Chapet,QD INDR,,,,,
255,47002,236105,2167867,60,PASO DE LA PALMA,Yaque del Norte/Maguaca,Paso de la Palma,QD INDR,,,,,
256,42201,316590,2132851,315,Guanajuma,Yaque del Norte/Guanajuma,Guanajuma,QD INDR,,,,,
257,45201,240708,2149309,162,Inaje,Rio Yaque del Norte/Inaje,Inaje,QD INDR,,,,,
258,44101,274812,2171399,121,Jicome,Yaque del Norte/Jicome,Jicome,QD INDR,,,,,
259,43002,294256,2153972,115,Potrero,Yaque del Norte/Amina,Potrero,QD INDR,,,,,
260,42901,296679,2125465,675,Jamanu,Yaque del Norte/Jamanu,Jamanu,QD INDR,,,,,
261,42301,313294,2130301,438,Los Pilones,Yaque del Norte/Baiguaque,Los Pilones,QD INDR,,,,,
262,42101,315175,2134433,283,Pinalito,Yaque del Norte/Jagua,Pinalito,QD INDR,,,,,
263,41202,329883,2108307,978,Paso Bajito,Rio Yaque del Norte/Baiguat,Paso Bajito,QD INDR,,,,,
264,47001,238179,2160083,112,LA GORRA,Yaque del Norte/Maguaca,La Gorra,QD INDR,,,,,
265,185004,246737,2123197,56,Ranchito,Rio Yuna/Camu,Ranchito,QD INDR,,,,,
266,185005,343575,2126542,65,Jamo,Rio Yuna/Camu,Jamo,QD INDR,,,,,
267,183002,335353,2088856,647,Tireo,Yuna/Blanco,Tireo,QD INDR,,,,,
268,183003,337172,2089393,565,Rodeo,Yuna/Blanco,Rodeo,QD INDR,,,,,
269,184002,360481,2075400,240,Los Platano,Yuna/Maimon,Los Platano,QD INDR,,,,,
270,183003,363367,2089706,98,El Pino,Yuna/Maimon,El Pino,QD INDR,,,,,
271,185202,348545,2102272,161,Jayaco,Rio Yuna/Jima,Jayaco,QD INDR,,,,,
272,185301,350035,2106168,118,Cañabon,Rio Yuna/Cañabon,Cañabon,QD INDR,,,,,
273,189001,397347,2101599,78,Cevicos,Rio Yuna/Cevicos,Cevicos,QD INDR,,,,,
274,188001,387778,2105313,50,Sabana Gran,Rio Yuna/Chacuey,Sabana Gran,QD INDR,,,,,
275,187001,401757,2100684,37,Abadesa I,Rio Yuna/Payabo,Abadesa I,QD INDR,,,,,
276,187002,402741,2102955,33,Abadesa II,Rio Yuna/Payabo,Abadesa II,QD INDR,,,,,
277,181201,356485,2077552,400,Rincon de Y,Yuna/Yuboa,Rincon de Y,QD INDR,,,,,
278,180009,351749,2096989,155,Bonao,Yuna/Yuna,Bonao,QD INDR,,,,,
279,180006,373641,2107341,55,Los Corozos,Yuna/Yuna,Los Corozos,QD INDR,,,,,
280,183201,335882,2089097,630,Blanco,Yuna/Juan de Jesus,Blanco,QD INDR,,,,,
281,182201,338988,2086150,700,Arroyon Arr,Yuna/Arroyon,Arroyon Arr,QD INDR,,,,,
282,182202,339545,2086206,600,Arroyon Aba,Yuna/Arroyon,Arroyon Aba,QD INDR,,,,,
283,491002,319526,2086604,1290,La Compuert,Rio Yaque del Sur/del Medio,La Compuert,QD INDR,,,,,
284,491001,289773,2075536,404,Bohechio,Rio Yaque del Sur/del Medio,Bohechio,QD INDR,,,,,
285,491004,286152,2072206,450,SABANA YEGUA,Rio Yaque del Sur/del Medio,Sabana Yegua,QD INDR,,,,,
286,491101,317840,2087820,1239,Constanza,Rio Yaque del Sur/Pinar Bon,Constanza,QD INDR,,,,,
287,493001,258999,2099776,575,Sabaneta,Rio Yaque del Sur/San Juan,Sabaneta,QD INDR,,,,,
288,493002,261503,2091899,495,Guazumal,Rio Yaque del Sur/San Juan,Guazumal,QD INDR,,,,,
289,493003,257305,2106719,670,Arroyo Gaji,Rio Yaque del Sur/San Juan,Arroyo Gaji,QD INDR,,,,,
290,493005,268578,2074525,360,El Rosario,Rio Yaque del Sur/San Juan,El Rosario,QD INDR,,,,,
291,493007,278767,2182515,325,Sabana Alta,Rio Yaque del Sur/San Juan,Sabana Alta,QD INDR,,,,,
292,493101,267972,2102957,1460,CDA. LA VACA,Rio Yaque del Sur/Arroyo Li,CDA. La Vac,QD INDR,,,,,
293,493401,263081,2089327,470,Juan de Her,Yaque de Sur/CDA. Doña Mari,Juan de Her,QD INDR,,,,,
294,493702,268590,2075539,379,Los Cambron,Yaque del Sur/Jinova,Los Cambron,QD INDR,,,,,
295,491301,314840,2090650,1130,EL CHORRO,Rio Yaque del Sur/Constanza,El Chorro,QD INDR,,,,,
296,493701,268220,2085879,462,Jinova,Yaque del Sur/Las Cuevas,Jinova,QD INDR,,,,,
297,492001,286783,2080491,349,Padre  Las Casas,Rio Yaque del Sur/Las Cueva,Padre  Las Casas,QD INDR,,,,,
298,493802,254973,2064333,625,Vallejuelo,Rio Yaque del Sur/Los Baos,Vallejuelo,QD INDR,,,,,
299,493601,262199,2079864,400,Hato Viejo,Yaque del Sur/Arroyo Loro,Hato Viejo,QD INDR,,,,,
300,491202,316844,2093734,1230,La Cienigui,Rio Yaque del Sur/Pantuflas,La Cienigui,QD INDR,,,,,
301,493104,260189,2103452,680,EL RODEO,Yaque del Sur/Arroyo Limon,El Rodeo,QD INDR,,,,,
302,492102,308295,2076199,840,La Coja,Rio Yaque del Sur/Guayabal,La Coja,QD INDR,,,,,
303,492002,308836,2071796,755,La Guama,Rio Yaque del Sur/Las Cueva,La Guama,QD INDR,,,,,
304,491006,306482,2090640,857,EL LIMONCITO,Rio Yaque del Sur/del Medio,EL LIMONCITO,QD INDR,,,,,
305,491501,306382,2092332,860,EL CEDRO,Rio Yaque del Sur/ Yaquesil,El Cedro,QD INDR,,,,,
306,493903,258689,2116329,1060,Hondo Valle,Rio Yaque del Sur/La Guama,Hondo Valle,QD INDR,,,,,
307,493801,265956,2063976,475,El Capa,Rio Yaque del Sur/Los Baos,El Capa,QD INDR,,,,,
308,188002,386781,2095266,77,Los Tres Pa,Rio Yuna/Chacuey,Los Tres Pa,QD INDR,,,,,
309,188003,382571,2100303,46,La Cabirma,Rio Yuna/Maguaca,La Cabirma,QD INDR,,,,,
310,42701,314652,2151813,143,El Puente,Yaque del Norte/Dicayagua,El Puente,QD INDR,,,,,
311,41101,323416,2110920,510,Jarabacoa,Rio Yaque del Norte/Arroyo,Jarabacoa,QD INDR,,,,,
312,41740,325347,2123294,980,Matagrande,Yaque del Norte/Antonsa,Matagrande,QD INDR,,,,,
313,491201,316748,2092935,1200,Arroyo Arri,Rio Yaque del Sur/Pantuflas,Arroyo Arri,QD INDR,,,,,
314,493301,261887,2094417,530,Naranjal,Yaque del Sur/Maguna,Naranjal,QD INDR,,,,,
315,493204,277169,2082387,440,El Cacheo,Yaque del Sur/Arroyo Grande,El Cacheo,QD INDR,,,,,
316,493006,258086,2106002,650,Paso de Lim,Rio Yaque del  Sur/San Juan,Paso de Lim,QD INDR,,,,,
317,490142,274203,2103429,1618,Fondo Negro,Rio Yaque del Sur/Colmenita,Fondo Negro,QD INDR,,,,,
318,493004,257721,2107145,695,Jaquime,Rio Yaque del Sur/ San Juan,Jaquime,QD INDR,,,,,
319,493902,256866,2106664,697,Jaquime,Yaque del Sur/Arroyo Gajito,Jaquime,QD INDR,,,,,
320,493009,262472,2117142,1100,Los Chichar,Rio Yaque del Sur/San Juan,Los Chichar,QD INDR,,,,,
321,493904,258068,2106894,700,Jaquime,Yaque del Sur/ Arroyo San P,Jaquime,QD INDR,,,,,
322,493008,258745,2111653,865,Los Valenci,Rio Yaque del Norte/San Jua,Los Valenci,QD INDR,,,,,
323,42202,319340,2135514,490,El Cerrazo,Yaque del Norte/Guanajuma,El Cerrazo,QD INDR,,,,,
324,491003,297728,2082399,550,Ag. Arroyo,Rio Yaque del Sur/del Medio,Ag. Arroyo,QD INDR,,,,,
325,490801,287962,2094040,818,JUNTA DE LOS RIOS,Rio Yaque del Sur/Rio Blanc,Junta de Los Rios,QD INDR,,,,,
326,2301,537607,2067512,43,ANAMUYA,Rio Anamuya,Anamuya,LD INDH,,,,,
327,4301,352577,2019046,60,MATANZA,Arroyo Grande,Matanza,LD NO,,,,,
328,4501,337433,2034540,80,HATILLO AZUA,Arroyo Hatillo,Hatillo,LD INDH,18 23 40,70 32 20,692.9,69,97
329,5412,226381,2110721,430,CAJUILITO,Rio Artibonito,Cajuilito,LD NO,,,,,
330,5408,246470,2108065,1215,CATANAMATIA,Rio Artibonito,Catanamatia,LD NO,19 02 58,71 24 32,1421.6,79,96
331,5413,218741,2089235,370,"GUAZUMAL , ELIAS PINA",Rio Artibonito,Guazumal Elias Piña,LD INDH,18 52 33,71 40 10,999,80,96
332,5401,227304,2089939,430,MATAYAYA,Rio Artibonito,Matayaya,LD NO,,,,,
333,5410,237540,2134156,900,NARANJITO,Rio Artibonito,Naranjito,LD NO,19 17 02,71 29 50,2063.7,79,1
334,5402,237956,2101784,620,POZO HONDO,Rio Artibonito,Pozo Hondo,LD INDH,18 59 30,71 29 20,886.4,72,97
335,5403,235313,2080594,574,PUERTECITO,Rio Artibonito,Puertecito,LD INDH,18 48 00,71 30 40,1073.7,70,96
336,5407,224399,2095520,328,RANCHITO (MACASIA),Rio Artibonito,Ranchito Macas¡as,LD INDH,18 56 00,71 37 00,968.1,70,96
337,5411,230923,2106552,518,SABANA MULA,Rio Artibonito,Sabana Mula,LD INDH,19 02 02,71 33 23,964.8,81,96
338,602,283831,2194018,30,LA ISABELA,Rio Bajabonico,La Isabela,LD NO,,,,,
339,4001,358430,2032130,199,EL RECODO,Rio Bani,El Recodo,LD INDH,,,,,
340,1501,390063,2149752,15,LOS JENGIBRES,Rio Boba,Los Jengibres,LD NO,19 26 20,70 02 50,2402.1,0,0
341,1502,405746,2165095,5,PLAYA DIAMANTE,Rio Boba,Playa Diamante,LD NO,,,,,
342,2602,521390,2059680,71,GUANITO,Rio Chavon,Guanito,LD NO,18 37 40,68 47 50,1265.7,60,96
343,2603,517633,2067237,130,NARANJO DE CHINA,Rio Chavon,Naranjo de China,LD INDH,18 41 46,68 49 58,1655,0,0
344,2601,506737,2066124,70,SANTA LICIA,Rio Chavon,Santa Luc¡a,LH,,,,,
345,2401,525998,2068372,106,HIGUEY,Rio Duey,Higuey,LD NO,,,,,
346,3401,394195,2040291,10,ENGOMBE,Rio Haina,Engombe,LD NO,18 27 00,70 00 07,1636.4,0,0
347,3402,379205,2049786,150,MEDINA,Rio Haina,Medina,LD NO,18 32 06,70 08 40,1937.4,79,1
348,3404,372444,2056040,280,PRESA ISA,Rio Haina,Presa de Isa,LD NO,,,,,
349,3403,371783,2057889,220,PRESA MANA LA PRESA,Rio Haina,Presa Mana - La Finca,LD NO,,,,,
350,3102,465792,2084902,220,ASERRADERO BARCELO,Rio Higuamo,Aserradero Barcelo,LD NO,,,,,
351,3101,457219,2059716,18,EXCAVACION,Rio Higuamo,Excavaci¢n,LD NO,,,,,
352,4603,308248,2051415,271,CARRIZAL,Rio Jura,Carrizal,LD NO,,,,,
353,4601,312690,2055675,500,PERALTA,Rio Jura,Peralta,LD NO,,,,,
354,5312,246660,2021744,35,ANGOSTURA,Lago Enriquillo,Angostura,LD NO,18 16 12,71 23 46,543.9,76,96
355,5316,210746,2053079,10,BARTOLOME,Lago Enriquillo,Bartolome,LD NO,,,,,
356,5313,221648,2058024,225,GUAYABAL POSTRER RIO,Lago Enriquillo,Guayabal - Postrer R¡o,LD NO,18 35 40,71 38 15,925.4,76,96
357,5315,216138,2046660,0,ISLA CABRITOS,Lago Enriquillo,Isla Cabritos,LD NO,,,,,
358,5307,220241,2062137,1100,LOS BOLOS,Lago Enriquillo,Los Bolos,LD NO,18 37 53,71 39 05,1492.1,71,96
359,5314,242321,2057362,740,LOS GUINEOS,Lago Enriquillo,Los Guineos,LD NO,,,,,
360,5322,255516,2054757,740,MAJAGUAL,Lago Enriquillo,Majagual,LD INDH,,,,,
361,5301,242631,2047791,10,NEYBA,Lago Enriquillo,Neyba,LD NO,18 30 17,71 26 15,584.4,68,94
362,5302,228110,2027626,400,PUERTO ESCONDIDO,Lago Enriquillo,Puerto Escondido,LD NO,18 19 15,71 34 20,621.1,67,96
363,101,218900,2158681,45,DON MIGUEL,Rio Masacre,Don Miguel,LD NO,19 30 10,71 40 40,1424.5,65,96
364,201,231743,2156947,200,PARTIDO,Rio Chacuey,Partido,LD NO,19 29 20,71 33 20,1425.6,61,96
365,1601,398389,2131443,180,CINTA NEGRA,Rio Nagua,Cinta Negra,LD NO,,,,,
366,3601,375298,2035179,137,EL TABLAZO,Rio Nigua,El Tablazo,LD NO,,,,,
367,5102,259370,1977537,10,JUANCHO,Rio Nizaito,Juancho,LD NO,,,,,
368,5101,267667,1994353,300,VILLA NIZAO,Rio Nizaito,Villa Nizao,LD NO,18 01 30,71 11 40,2320.2,69,96
369,3813,328400,2081200,2842,ALTO BANDERA,Rio Nizao,Alto Bandera,CL NO,18 48 57,70 37 42,1418.1,81,86
370,3810,362559,2018358,38,CAMPAMENTO PAYA,Rio Nizao,Campamento Paya,LD NO,,,,,
371,3805,343607,2071383,720,LA ESTRECHURA,Rio Nizao,La Estrechura,LD NO,,,,,
372,3804,350914,2050725,1170,LA LAGUNA,Rio Nizao Nizao,La Laguna,LD NO,18 32 30,70 24 45,967.9,62,94
373,3808,362779,2049098,360,LOS CACAOS,Rio Nizao,Los Cacaos,LD NO,,,,,
374,3801,346815,2058843,580,NIZAO,Rio Nizao,Nizao,LD NO,18 36 53,70 27 07,1054,0,0
375,3806,352200,2049200,680,PALO DE CAJA,Rio Nizao,Palo de Caja,LD NO,,,,,
376,3807,366224,2038622,300,PASO DEL ERMITAÑO,Rio Nizao,Paso del Ermitaño,LD NO,,,,,
377,3809,345739,2016148,19,QUIJA QUIETA,Rio Nizao,Quija Quieta,LD NO,,,,,
378,3802,364738,2035865,160,VALDESIA,Rio Nizao,Valdesia,LD NO,18 24 30,70 16 50,1726,63,96
379,4411,358650,2022075,60,ARROYO HONDO,Rio Ocoa,Arroyo Hondo,LD NO,,,,,
380,4404,347635,2051396,1140,DERUMBADO,Rio Ocoa,Derrumbado,LD NO,,,,,
381,4417,334135,2056921,840,EL BEJUCAL,Rio Ocoa,El Bejucal,LD NO,,,,,
382,4403,325038,2056111,780,EL CERCADO,Rio Ocoa,El Cercado,LD NO,,,,,
383,4409,345820,2029921,160,EL CRUCE,Rio Ocoa,El Cruce,LD NO,,,,,
384,4428,344185,2045460,780,EL LIMON DE OCOA,Rio Ocoa,El Limon de Ocoa,LD NO,,,,,
385,4425,334116,2048005,530,EL MEMISO,Rio Ocoa,El Memiso,LD NO,18 30 57,70 34 17,1106.6,0,0
386,4401,344142,2050964,600,EL NARANJAL OCOA,Rio Ocoa,El Naranjal - Ocoa,LD NO,,,,,
387,4416,336193,2050846,600,EL PINAR DE OCOA,Rio Ocoa,El Pinar de Ocoa,LD NO,,,,,
388,4415,337749,2064760,940,EL PUENTE,Rio Ocoa,El Puente,LD NO,,,,,
389,4412,335688,2063548,1320,EL RIFLE,Rio Ocoa,El Rifle,LD NO,,,,,
390,4420,342648,2022629,100,FUNDACION SABANA BUEY,Rio Ocoa,Fundacion -  Sabana Buey,LD NO,,,,,
391,4405,329666,2055577,790,LA CIENEGA OCOA,Rio Ocoa,La Cienega - Ocoa,LD NO,,,,,
392,4413,332144,2053894,1000,LA DAMAJAGUA,Rio Ocoa,La Damajagua,LD NO,,,,,
393,4414,340015,2058930,1220,LA MALAGUETA,Rio Ocoa,La Malagueta,LD NO,,,,,
394,4421,332213,2065024,1980,LA NUEZ,Rio Ocoa,La Nuez,LD NO,,,,,
395,4423,338481,2043909,620,LA PALMA AGUA BLANCA,Rio Ocoa,La Palma - Agua Blanca,LD NO,,,,,
396,4406,337157,2060676,1060,LAS CAYAS,Rio Ocoa,Las Cayas,LD NO,,,,,
397,4419,335978,2022285,40,LAS PAREDES,Rio Ocoa,Las Paredes,LD NO,,,,,
398,4424,347318,2048386,1170,LOMA DE MANACHAR,Rio Ocoa,Loma de Manaclar,LD NO,,,,,
399,4426,338664,2062047,1000,LOS ARROYOS,Rio Ocoa,Los Arroyos,LD NO,18 38 35,70 31 46,1338.8,0,0
400,4410,329323,2050015,640,LOS GUANOS,Rio Ocoa,Los Guanos,LD NO,,,,,
401,4407,347057,2041501,640,LOS MARTINEZ,Rio Ocoa,Los Martinez,LD NO,,,,,
402,4422,348532,2038815,720,LOS RANCHOS,Rio Ocoa,Los Ranchos,LD NO,,,,,
403,4402,323899,2053354,860,RANCHO EL PINO,Rio Ocoa,Rancho El Pino,LD NO,,,,,
404,4408,341982,2055716,570,SABANA LARGA,Rio Ocoa,Sabana Larga,LD NO,,,,,
405,4418,340894,2051821,475,SAN JOSE DE OCOA,Rio Ocoa,San Jose de Ocoa,LD NO,,,,,
406,3302,408969,2080482,37,CACIQUE,Rio Ozama,Cacique,LH,18 48 50,69 51 50,1661,60,96
407,3307,435208,2083692,150,COMATILLO,Rio Ozama,Comatillo,LD NO,,,,,
408,3301,398431,2080536,83,DON JUAN,Rio Ozama,Don Juan,LD NO,18 48 50,69 57 50,1365.3,60,70
409,3303,418614,2077056,22,EL CERRO,Rio Ozama,El Cerro,LD NO,18 47 00,69 46 20,1831.9,60,88
410,3306,420889,2095674,320,GONZALO,Rio Ozama,Gonzalo,LD NO,,,,,
411,3305,395653,2054730,13,HIGUERO,Rio Ozama,Higuero,LD INDH,18 34 50,69 59 20,1667,60,96
412,3308,429822,2083497,108,LOS HIDALGOS,Rio Ozama,Los Hidalgos,LD INDH,,,,,
413,3314,414129,2056635,12,MATA MAMON,Rio Ozama,Mata Mamon,LD NO,,,,,
414,3304,395636,2051656,12,PALMAREJO,Rio Ozama,Palmarejo,LD NO,,,,,
415,5201,210042,2002413,11,PEDERNALES,Rio Pedernales,Pedernales,LD NO,,,,,
416,4502,326194,2041403,60,ESTEBANIA,Rio Grande,Estebania,LD NO,18 27 20,70 38 45,745.1,69,96
417,3001,495316,2074882,87,EL SEYBO,Rio Soco,El Seybo,LD NO,18 45 55,69 02 40,1263.3,68,96
418,3002,482414,2054144,19,PASO DEL MEDIO,Rio Soco,Paso del Medio,LD INDH,,,,,
419,3003,484729,2089703,500,PEDRO SANCHEZ,Rio Soco,Pedro Sanchez,LD NO,,,,,
420,4701,305721,2033605,40,EL SISAL,Rio Tabara,El Sisal,LD NO,18 23 00,70 50 20,501.3,68,96
421,4702,313810,2050283,280,LAS LOMAS,Rio Tabara,Las Lomas,LD NO,,,,,
422,4703,299656,2043231,90,TABARA ABAJO,Rio Tabara,Tabara Abajo,LD NO,,,,,
423,4704,299569,2043355,320,TABARA ARRIBA,Rio Tabara,Tabara Arriba,LD NO,,,,,
424,4602,317106,2042257,140,RESOLI,Rio Via,Resoli,LD NO,,,,,
425,451,282207,2163556,80,MAO (ZONA DE RIEGO),Rio Yaque del Norte,MAO (ZONA DE RIEGO),LD NO,,,,,
426,452,316389,2136051,340,PRESA DE BAO,Rio Yaque del Norte,PRESA DE BAO,LD NO,,,,,
427,408,248012,2172710,48,LA ANTONA,Rio Yaque del Norte,LA ANTONA,LD NO,19 38 00,71 24 10,714.9,67,96
428,427,247843,2160714,57,GUAYUBIN RINCON,Yaque del Norte,GUAYUBIN RINCON,LD INDH,,,,,
429,407,254772,2155388,120,SANTIAGO RODRIGUEZ,Rio Yaque del Norte,SANTIAGO RODRIGUEZ,LD NO,,,,,
430,428,246594,2175499,50,GUAYUBIN EL POCITO,Yaque del Norte,GUAYUBIN EL POCITO,LD NO,,,,,
431,429,234807,2186439,5,PALO VERDE,Yaque del Norte,PALO VERDE,LD NO,,,,,
432,412,277050,2145041,220,MAGUA MONCION,Rio Yaque del Norte,MAGUA MONCION,LD INDH,19 23 13,71 07 22,1184.6,60,96
433,411,291030,2125090,1000,MATA GRANDE,Rio Yaque del Norte,MATA GRANDE,LD INDH,19 12 03,70 59 15,1858.7,60,86
434,406,284817,2167215,60,MAO VALVERDE,Rio Yaque del Norte,MAO VALVERDE,LD INDH,19 35 17,71 03 05,647.6,68,96
435,421,299485,2162524,77,CACHEO,Yaque del Norte,Cacheo,LD NO,19 32 50,70 54 40,676.1,68,96
436,422,291902,2162303,80,JINAMAGAO,Yaque del Norte,JINAMAGAO,LD INDH,19 32 40,70 59 00,543.9,67,94
437,423,291949,2141081,330,INOA,Yaque del Norte,INOA,LD NO,,,,,
438,424,281764,2148644,,BULLA,Yaque del Norte,BULLA,LD NO,,,,,
439,426,274520,2171433,,JICOME,Yaque del Norte,JICOME,LD NO,,,,,
440,425,283699,2167990,,PUENTE SAN RAFAEL,Yaque del Norte,PUENTE SAN RAFAEL,LD NO,,,,,
441,434,304073,2109209,,LA CIENAGA MANABAO,Yaque del Norte,LA CIENAGA MANABAO,LD NO,,,,,
442,404,316720,2151116,,SANTIAGO ISA,Rio Yaque del Norte,SANTIAGO ISA,LD INDH,19 26 45,70 44 45,965.2,67,95
443,401,327616,2116108,,JARABACOA,Rio Yaque del Norte,JARABACOA,LD NO,19 07 50,70 38 20,1517.2,68,96
444,402,319454,2133099,,TAVERA,Rio Yaque del Norte,TAVERA,LD NO,19 17 00,70 43 05,1234.6,68,96
445,410,311175,2108889,,MANABAO,Rio Yaque del Norte,MANABAO,LD INDH,19 03 50,70 47 40,1522.2,60,0
446,405,313892,2160063,,QUINIGUA,Rio Yaque del Norte,Quinigua,LD NO,,,,,
447,409,328631,2099494,,EL RIO CONSTANZA,Rio Yaque del Norte,EL RIO CONSTANZA,LD NO,18 58 50,70 37 40,1317.6,60,94
448,403,296306,2139186,,S. JOSE DE LAS MATAS,Rio Yaque del Norte,S. JOSE DE LAS MATAS,LD NO,,,,,
449,413,323776,2111839,,PINAR QUEMADO,Rio Yaque del Norte,PINAR QUEMADO,LD NO,,,,,
450,414,325145,2120559,46,BOMA,Rio Yaque del Norte,BOMA,LD INDH,,,,,
451,415,316671,2132204,,GUANAJUMA,Rio Yaque del Norte,GUANAJUMA,LD NO,,,,,
452,416,313222,2134699,,PINALITO,Rio Yaque del Norte,PINALITO,LD NO,,,,,
453,417,311158,2135643,,BAO,Rio Yaque del Norte,BAO,LD NO,,,,,
454,419,320030,2146931,,LAS CHARCAS,Yaque del Norte,LAS CHARCAS,LD NO,,,,,
455,418,316423,2136512,,SABANA IGLESIA,Yaque del Norte,SABANA IGLESIA,LD NO,,,,,
456,420,311389,2157782,,HATO YAQUE,Yaque del Norte,HATO YAQUE,LD NO,,,,,
457,444,333284,2102895,,REDONDO,Yaque del Norte,REDONDO,LD INDH,,,,,
458,438,313981,2120330,,JANEY,Yaque del Norte,JANEY,LD INDH,,,,,
459,440,307340,2133500,,CAGUEYES,Yaque del Norte,CAGUEYES,LH,,,,,
460,446,311258,2117037,,LOS MONTAZOS,Yaque del Norte,LOS MONTAZOS,LD NO,,,,,
461,447,235141,2171665,44,LA CANA,Yaque del Norte,LA CANA,LD NO,,,,,
462,442,308428,2125861,,JUNCALITO,Yaque del Norte,JUNCALITO,LD INDH,,,,,
463,448,331700,2112600,,JIMENOA,Yaque del Norte,JIMENOA,LD NO,,,,,
464,462,273449,2183443,,ARROYO CAÑA,Rio Yaque del Norte,ARROYO CAÑA,LD INDH,,,,,
465,461,257200,2187000,260,LOS LIMONES,Rio Yaque del Norte,LOS LIMONES,LD INDH,,,,,
466,464,285216,2178622,,LOS PINOS,Rio Yaque del Norte,LOS PINOS,LD NO,,,,,
467,458,254162,2174747,,PEÑA RANCHADERO,Rio Yaque del Norte,PEÑA RANCHADERO,LD INDH,,,,,
468,459,243955,2143602,,RESBALOSO,Rio Yaque del Norte,RESBALOSO,LD INDH,,,,,
469,460,256898,2133395,,LA CIDRA,Rio Yaque del Norte,LA CIDRA,LD INDH,,,,,
470,465,299422,2146379,,ALBANA,Rio Yaque del Norte,ALBANA,LD INDH,,,,,
471,466,334982,2109644,,LOMA LA SAL,Rio Yaque del Norte,LOMA LA SAL,LD NO,,,,,
472,467,338755,2106506,,EL ARROYAZO,Rio Yaque del Norte,EL ARROYAZO,LD NO,,,,,
473,4986,277615,2015150,35,BARAHONA,Rio Yaque del Sur,Barahona,LD NO,,,,,
474,4922,263969,2117614,1620,LOS PINALES,Rio Yaque del Sur,LOS PINALES,LD NO,,,,,
475,4984,284188,2081566,495,EL PALMAR,Rio Yaque del Sur,EL PALMAR,LD NO,,,,,
476,4901,322658,2080393,2300,VALLE NUEVO,Rio Yaque del Sur,Constanza,LD NO,,,,,
477,4906,257271,2000754,861,LA CIENEGA,Rio Yaque del Sur,La Cienaga,LD NO,19 04 54,71 17 36,1077.9,60,96
478,4907,279637,2083096,520,LA FLORIDA,Rio Yaque del Sur,LA FLORIDA,LD INDH,18 49 40,71 05 28,1320.2,60,96
479,4908,258709,2099964,576,SABANETA,Rio Yaque del Sur,SABANETA,LD NO,18 58 40,71 17 30,1181.7,67,90
480,4909,261533,2091930,487,GUAZUMAL,Rio Yaque del Sur,GUAZUMAL,LD NO,18 54 20,71 15 50,1129.7,70,94
481,4910,277042,2081588,442,CACHEO,Rio Yaque del Sur,CACHEO,LD INDH,18 48 50,71 06 56,808.3,60,96
482,4912,282608,2066453,295,EL PUENTE,Rio Yaque del Sur,EL PUENTE,LD NO,,,,,
483,4916,305960,2074194,710,GUAYABAL P. LAS CASAS,Rio Yaque del Sur,Padre  Las Casas,LD NO,18 45 00,70 50 26,1102.6,79,96
484,4913,284041,2063669,280,VILLARPANDO,Rio Yaque del Sur,VILLARPANDO,LD INDH,18 39 10,71 02 50,558.6,67,96
485,4911,299645,2089144,1340,EL TETERO,Rio Yaque del Sur,El Tetero,LD NO,18 53 04,70 54 07,1308.9,86,96
486,4978,319074,2088361,1430,LOS CERROS CONTANZA,Rio Yaque del Sur,LOS CERROS-CONSTANZA,LD INDH,,,,,
487,4938,297291,2101378,1540,VALLE DEL TETERO,Rio Yaque del Sur,VALLE DEL TETERO,LD NO,,,,,
488,4921,257241,2119548,1490,PALO DE VIENTO,Rio Yaque del Sur,PALO DEL VIENTO,LD NO,19 09 16,71 18 29,1996.3,82,94
489,4931,258912,2099808,580,PRESA DE SABANETA,Rio Yaque del Sur,PRESA DE SABANETA,LD NO,,,,,
490,4983,318458,2091165,1200,EL VALLE CONSTANZA,Rio Yaque del Sur,El VAlle de Constanza,LH,,,,,
491,4936,278335,2089354,983,GAJO DE LA LAGUNITA,Rio Yaque del Sur,GAJO DE LA LAGUNITA,LD INDH,,,,,
492,4949,322039,2092299,1372,LOS CORRALITOS,Rio Yaque del Sur,LOS CORRALITOS,LD NO,,,,,
493,4952,312593,2087164,1650,ALTO DEL SILLON,Rio Yaque del Sur,ALTO DEL SILLON,LD NO,,,,,
494,4965,301964,2078694,900,LAS LAGUNAS,Rio Yaque del Sur,LAS LAGUNAS,LD INDH,,,,,
495,4964,301210,2071045,1030,MONTE BONITO,Rio Yaque del Sur,MONTE BONITO,LD INDH,,,,,
496,4962,284349,2070062,335,SABANA YEGUA,Rio Yaque del Sur,SABANA YEGUA,LD NO,,,,,
497,4968,309875,2064498,1080,EL NARANJAL,Rio Yaque del Sur,EL NARANJAL,LD NO,,,,,
498,4974,330452,2071251,1405,NIZAO CONSTANZA,Rio Yaque del Sur,NIZAO  CONSTANZA,LD NO,,,,,
499,4975,321208,2075795,1160,LAS CUEVAS,Rio Yaque del Sur,LAS CUEVAS,LD NO,,,,,
500,4977,257721,2107145,695,JAQUIME,Rio Yaque del Sur,JAQUIME,LD NO,,,,,
501,4947,307585,2095426,1200,LOS CASTILLITOS,Rio Yaque del Sur,LOS CASTILLITOS,LD NO,,,,,
502,4982,307729,2090695,857,EL LIMONCITO,Rio Yaque del Sur,EL LIMONCITO,LD NO,,,,,
503,4981,314852,2090647,1130,EL CHORRO CONSTANZA,Rio Yaque del Sur,EL CHORRO CONSTANZA,LD INDH,,,,,
504,4985,322113,2092687,,PALERO,Rio Yaque del Sur,PALERO,LD INDH,,,,,
505,1004,332604,2171841,,YASICA,Rio Yasica,YASICA,LD NO,,,,,
506,1002,352052,2173698,,CUESTA BARROSA,Rio Yasica,CUESTA BARROSA,LD NO,,,,,
507,1001,347953,2171273,,CUESTA BARROSA,YASICA,JAMAO,LD NO,,,,,
508,1801,369600,2132900,110,SAN FCO. DE MACORIS,Rio Yuna,San Francisco de Macoris,CL NO,19 17 10,70 14 25,1420.4,0,0
509,1802,354007,2090360,178,JUMA BONAO,Yuna,Juma - Bonao,LD NO,,,,,
510,1803,413827,2117961,8,EL LIMON,Yuna,Limon del Yuna,CL NO,,,,,
511,1804,346392,2089500,250,LOS QUEMADOS,Yuna,Los Quemado,LD NO,18 53 30,70 27 30,2552.7,60,96
512,1806,368100,2095400,80,HATILLO YUNA,Yuna,Hatillo,CL NO,,,,,
513,1814,417029,2115486,8,BARRAQUITO,Yuna,Barraquito,LD NO,19 07 50,69 47 20,2014.4,0,0
514,1815,371450,2115749,48,LA ANGELINA,Yuna,La Angelina,CL INDR,,,,,
515,1816,347799,2153133,685,JOSE CONTRERAS,Yuna,Jose Contreras,LD NO,19 28 00,70 27 00,1640.9,0,0
516,1817,333904,2087269,1020,LOS BOTADOS,Yuna,Los Botados,LD NO,,,,,
517,1818,339058,2056786,1096,Los Mechesi,Yuna,Los Mechesi,LH,,,,,
518,1823,319443,2099242,1540,Cruz De Cua,Yuna,Cruz De Cua,LH,,,,,
519,1828,348411,2075032,1110,El Torito,Yuna,El Torito,LH,,,,,
520,1830,344802,2077829,1225,EL NOVILLO,Yuna,El Novillo,LD NO,,,,,
521,1835,359511,2082939,0,Loma Del Me,Rio Yuna,Loma Del Me,LH,,,,,
522,1843,420144,2120053,20,EL AGUACATE,Rio Yuna,El Aguacate,LD NO,,,,,
523,1801,369672,2132977,110,SAN FCO. DE MACORIS,Yuna,San Francisco de Macoris,LD NO,19 17 10,70 14 25,1420.4,0,0
524,1802,354000,2090300,178,JUMA BONAO,Rio Yuna,Juma - Bonao,CL INDR,,,,,
525,1803,413826,2117960,8,EL LIMON,Yuna,Limon del Yuna,LD NO,,,,,
526,1804,346392,2089499,250,LOS QUEMADOS,Yuna,Los Quemados,LH,18 53 30,70 27 30,2552.7,60,96
527,1805,363954,2089977,98,Maim¢n El Pino,Yuna,Maim¢n El Pino,LD NO,,,,,
528,1806,368090,2095481,80,HATILLO YUNA,Yuna,Hatillo,LD NO,,,,,
529,1807,352141,2113126,130,JIMA RINCON,Yuna,Jima Rinc¢n,LD NO,,,,,
530,1808,351920,2122044,56,LOS RANCHITOS,Yuna,Los Ranchitos,LD NO,,,,,
531,1809,340956,2137818,110,LICEY NARANJAL,Yuna,Licey Naranjal,LD NO,,,,,
532,1810,381251,2117834,28,LA BIJA,Yuna,La Bija,LD NO,,,,,
533,1811,402644,2102646,33,ABADESA,Yuna,Abadesa,LD NO,,,,,
534,1814,417000,2115400,8,BARRAQUITO,Rio Yuna,Barraquito,CL INDR,19 07 50,69 47 20,2014.4,0,0
535,1815,371451,2115748,48,LA ANGELINA,Yuna,La Angelina,LH,,,,,
536,1816,347500,2153100,685,JOSE CONTRERAS,Rio Yuna,Jose Contreras,CL INDR,19 28 00,70 27 00,1640.9,0,0
537,1817,332800,2087100,1020,LOS BOTADOS,Rio Yuna,Los Botados,CL INDR,,,,,
538,1821,335900,2089900,970,LA CEIBA RIO BLANCO,Yuna,La Ceiba Rio Blanco,LD INDH,,,,,
539,1826,335497,2088608,870,TIREO EN PINALITO,Yuna,Tireo En Pinali,LD INDH,,,,,
540,1830,344800,2077500,1225,EL NOVILLO,Rio Yuna,El Novillo,CL NO,18 47 01,70 28 21,2513.9,0,0
541,1836,340594,2126444,60,EL TALLER LA VEGA,Rio Yuna,El Taller - La,LD NO,,,,,
542,1837,389584,2099430,46,LA CABILMA,Rio Yuna,La Cabilma,LD INDH,,,,,
543,1838,358369,2133983,81,CENOVI SANTA ANA,Rio Yuna,Cenovi Santa An,LD INDH,,,,,
544,1839,398250,2101132,90,CEVICOS,Rio Yuna,Cevicos,LD METN,19 00 00,69 58 00,2105.2,38,80
545,1840,385951,2098284,110,LOS TRES POSOS,Rio Yuna,Los Tres Pasos,LD NO,,,,,
546,1841,375929,2112859,47,TALLER ÑAS MATAS,Rio Yuna,Taller Las Mata,LD NO,,,,,
547,1842,360020,2084380,200,PIEDRA BLANCA,Rio Yuna,Piedra Blanca,LD INDH,,,,,
548,1843,420146,2120053,20,EL AGUACATE,Rio Yuna,El Aguacate,CL NO,,,,,
549,1844,405362,2119539,17,VILLA RIVA,Rio Yuna,Villa Riva,LD METN,,,,,
550,1845,378987,2106782,60,COTUI,Rio Yuna,Cotui,LD METN,19 03 00,70 09 00,1800.08,38,80
551,1846,384322,2121504,37,PIMENTEL,Rio Yuna,Pimentel,LD METN,,,,,
552,1847,368648,2132677,110,SAN FCO. DE MACORIS,Rio Yuna,San Fco. De Macoris,LD METN,19 17 00,70 15 00,1424.89,31,83
553,1848,351307,2142035,196,SALCEDO,Rio Yuna,Salcedo,LD METN,,,,,
554,1849,352573,2094061,172,BONAO,Rio Yuna,Bonao,LD METN,,,,,
555,1850,338805,2125537,97,LA VEGA,Rio Yuna,La Vega,LD METN,19 13 00,70 32 00,1743.96,31,80
556,1851,340718,2143936,83,MOCA,Rio Yuna,Moca,LD MET,,,,,
557,1003,329946,2161995,600,LA CUMBRE,Rio Yasica,La Cumbre,LD NO,,,,,
558,4902,319196,2091896,1215,CONSTANZA,Rio Yaque del Sur,Constanza,LD NO,18 54 40,70 43 00,938.1,68,96
559,4903,273277,2075390,378,SAN JUAN DE LA MAGUANA,Rio Yaque del Sur,San Juan de la Maguana,LD NO,18 45 27,71 09 02,685.9,67,96
560,4904,268731,2024389,4,EL PENON,Rio Yaque del Sur,El Peñon,LD NO,18 17 47,71 11 16,652.9,68,96
561,4915,253215,2064570,660,VALLEJUELO,Rio Yaque del Sur,Vallejuelo,LD NO,,,,,
562,3302,408969,2080482,37,CACIQUE,Rio Ozama,Cacique,LD INDH,18 48 50,69 51 50,1661,60,96
563,4924,260006,2111944,1160,LOS VALENCIO,Rio Yaque del Sur,Los Valencios,CL NO,19 05 10,71 16 51,1113.8,83,0
564,3813,328405,2081262,2842,ALTO BANDERA,Rio Nizao,Alto Bandera,LD NO,18 48 57,70 37 42,1418.1,81,86
565,4967,313626,2067351,880,NARANJITO LAS CUEVAS,Rio Yaque del Sur,Naranjito las Cuevas,LD NO,,,,,
566,N01,282198,2163321,0,Valverde Mao,Rio Yaque del Norte,Valverde Mao,LD TEL,,,,,
567,N02,242966,2184137,0,Villa Vasquez,Rio Yaque del Norte,Villa Vasquez,LD TEL,,,,,
568,N03,236384,2175322,0,Las Matas de Santa Cruz,Rio Yaque del Norte,Las Matas de Santa Cruz,LD TEL,,,,,
569,N04,219005,2165607,0,Dajabon,Rio Yaque del Norte,Dajabon,LD TEL,,,,,
570,N05,291226,2165909,0,Esperanza,Rio Yaque del Norte,Esperanza,LD TEL,,,,,
571,N06,338931,2126495,0,La Vega,Rio Yaque del Norte,La Vega,LD TEL,,,,,
572,N07,321070,2151821,0,Santiago,Rio Yaque del Norte,Santiago,LD TEL,,,,,
573,N08,277677,2014087,0,Barahona,Rio Yaque de Sur,Barahona,LD TEL,,,,,
574,N09,209571,1996156,0,Pedernales,Rio Yaque de Sur,Pedernales,LD TEL,,,,,
575,N10,244077,2044690,0,Neyba,Rio Yaque de Sur,Neyba,LD TEL,,,,,
576,N11,273295,2075430,378,San Juan,Rio Yaque de Sur,San Juan,LD TEL,,,,,
577,N12,362936,2019987,0,Bani,Rio Yaque de Sur,Bani,LD TEL,,,,,
578,N13,234261,2088494,0,Las Matas de Farfan,Rio Yaque de Sur,Las Matas de Farfan,LD TEL,,,,,
579,N14,215017,2088805,0,Elias Piña / Comendador,Rio Yaque de Sur,Elias Piña / Comendador,LD TEL,,,,,
580,N15,318339,2046669,0,Azua,Rio Yaque de Sur,Azua,LD TEL,,,,,
581,4931,260000,2089500,580,SABANETA,Rio Yaque del Sur,San Juan-Sabaneta,CL AQUA,,,,,
582,6693,459060,2105968,10,SABANA DE LA MAR,Rio Yabon,Sabana de la Mar,CL AQUA,,,,,
583,2603,518049,2067227,154,NARANJO DE CHINA,Rio Chavon Sanate,Naranjo de China,CL NO,,,,,
584,3001,495395,2075299,109,EL SEYBO,Rio Soco,El Seybo,CL INDR,,,,,
585,2301,537494,2067425,51,Anamuya,Rio Anamuya,Anamuya,LH,,,,,
586,2601,506202,2065648,87,SANTA LUCIA,Rio Chavon,Santa Lucia,LD INDH,,,,,
587,AFOROS,520945,2095365,0,Nisibon,Rio Nisibon,Nisibon,AFOROS,,,,,
588,AFOROS,455209,2097429,68,Yanigua,Rio Yanigua,Yanigua,AFOROS,,,,,
589,AFOROS,457096,2106379,10,Sabana dela Mar,Rio Yabon,Sabana dela Mar,AFOROS,,,,,
590,6385,473250,2040800,15,EL PEÑON,Rio Soco,San Pedro de Macoris,CL AQUA,,,,,
591,6388,471450,2074750,102,HATO MAYOR DEL REY,Rio Higuamo,Hato Mayor-Yerba Buena,CL AQUA,,,,,
592,311001,457608,2060018,20,Excabacion,Rio Higuamo,Excabacion,QD INDR,,,,,
593,7320,451652,2098275,227,Trepada Alta,Rio Higuamo,Hato Mayor del Rey,CL EPTI,,,,,
594,7305,466033,2089593,344,La Piñita Arriba,Rio Higuamo,Hato Mayor del Rey,CL EPTI,,,,,
595,6381,458000,2059700,25,BATEY EXCAVACION,Rio Higuamo,San Pedro de Macoris-Quis,CL AQUA,,,1411.02,0,0
596,QD AQUA,463480,2058694,370,Batey la Paja,Rio Higuamo,Batey la Paja,LIM TEL,,,,,
597,3002,481858,2052973,15,Paso al Medio,Rio Soco,Paso al Medio,LH,,,,,
598,260001,506654,2065639,67,Santa Lucia,Rio Chavon,Santa Lucia,QD INDR,,,,,
599,230001,537440,2067655,0,Anamuya,Rio Anamuya,Anamuya,QD INDR,,,,,
600,QD AQUA,483457,2056289,12,Batey San Miguel,Rio Soco (Amana),Batey San Miguel,QD AQUA,,,,,
601,QD AQUA,518146,2065693,107,Los Cerros,Rio Sanate,Los Cerros,QD AQUA,,,,,
602,QD EPTI,484729,2061014,27,Paso Colon,Rio Soco,Paso Colon,QD EPTI,,,,,
603,QD EPTI,454250,2082200,0,Sabana Larga,Rio Casui,Sabana Larga,QD EPTI,,,,,
604,2302,571000,2058500,0,CABO ENGAÑO,Cabo Engaño,Cabo Engaño,LD METN,,,0,0,0
605,230001,537544,2067686,41,ANAMUYA,Rio Anamuya,Anamuya,QD INDR,18 41 53,69 38 42,0,1974,2010
606,320101,442300,2057300,0,Los Llanos,Rio Brujuelas/Tosa,Los Llanos,QD INDR,,,0,0,0
607,6386,534750,2039250,50,EL NARANJAL,Rio San Rafael del Yuma,Higuey,CL AQUA,,,0,0,0
608,6393,506150,2082000,140,PIEDRA BLANCA,Rio Soco,El Seibo,CL AQUA,,,0,0,0
609,6390,400900,2080100,50,BATEY TRIPLE OZAMA,Rio Ozama,Monte Plata,CL AQUA,,,0,0,0
610,6391,435000,2072800,45,COMATE BAYAGUANA,Rio Ozama,Bayaguana-Comate,CL AQUA,,,0,0,0
611,6387,371375,2021480,35,SANTANA,Rio Bani,Bani-Santana,CL AQUA,,,0,0,0
612,6507,342000,2021300,110,VILLA FUNDACION,Rio Ocoa,Bani-Villa Fundacion,CL AQUA,,,0,0,0
613,6378,302175,2042575,118,EL CRUCE EL QUINCE,Rio YAque del Sur,Azua-Sabana Yegua,CL AQUA,,,0,0,0
614,6392,531750,2058800,90,SALVALEON DE HIGUEY,Rio Duey,Salvaleon de Higuey,CL AQUA,,,0,0,0
615,5323,242450,2047800,100,PLAZA CACIQUE,Rio Pedernales,Neiba,CL AQUA,,,0,0,0
616,6379,259100,1977200,10,JUANCHO,Rio Nizaito,Enriquillo,CL AQUA,,,0,0,0
617,6389,267375,1995200,190,EL PLATON VILLA NIZAO,Rio Nizaito,Paraiso,CL AQUA,,,0,0,0
618,6688,516700,2034550,50,BAYAHIBE,Rio Chavon,Romana,CL AQUA,,,0,0,0
619,6696,369250,2072400,220,CITRICOS DOMINICANOS,Rio Hina,Villa Altagracia,CL AQUA,,,0,0,0
620,6702,353450,2019450,45,LOS JOBOS,Rio Ocoa,Bani-Matanza,CL AQUA,,,0,0,0
621,6692,326600,2042350,60,ESTEBANIA,Rio Via,Azua-Estebania,CL AQUA,,,0,0,0
622,6699,313900,2055200,530,PERALTA,Rio Via,Azua-Peralta,CL AQUA,,,0,0,0
623,6691,535700,2079800,20,LA GUAMA,Rio Duey,Sabaleon de Higuey,CL AQUA,,,0,0,0
624,6689,295600,2058700,310,YAYAS DE VIAJAMA,Rio Yaque del Sur,Azua-Las Yayas de Viajama,CL AQUA,,,0,0,0
625,6700,319201,2091745,1210,CONSTANZA,Rio Yaque del Sur,Constanza,CL AQUA,,,0,0,0
626,6701,223700,2101800,440,HIGUERITO,Rio Artibonito,Banica,CL AQUA,,,0,0,0
627,6694,233250,2074250,690,EL PINAR,Rio San Juan,San Juan-El Cercado,CL AQUA,,,0,0,0
628,6690,198650,2046850,35,JIMAMI,Lago Enriquillo,Jimani,CL AQUA,,,0,0,0
629,6695,210300,2002200,100,PASO SENA,Rio Pedernales,Pedernales,CL AQUA,,,0,0,0
630,1501,390063,2149752,15,LOS JENGIBRES,Rio Boba,Los Jengibres,CL INDR,19 26 20,70 02 50,2402.1,0,0
631,402,319600,2132700,0,TAVERA,Rio Yaque del Sur,TAVERA,CL INDR,19 17 00,70 43 05,0,0,0
632,4701,305700,2033600,40,EL SISAL,Rio Tabara,El Sisal,CL INDR,18 23 00,70 50 20,0,0,0
633,405,313897,2160068,0,QUINIGUA,Rio Yaque del Sur,Quinigua,CL INDR,,,0,0,0
634,1002,352000,2173600,0,CUESTA BARROSA,Rio Yasica,CUESTA BARROSA,CL NO,,,0,0,0
635,1003,329900,2161900,600,LA CUMBRE,Rio Yasica,La Cumbre,CL NO,,,0,0,0
636,2401,531500,2059000,106,HIGUEY,Rio Duey,Higuey,CL NO,,,0,0,0
637,3402,379200,2049700,150,MEDINA,Rio Haina,Medina,CL INDR,,,0,0,0
638,3809,345700,2016100,19,QUIJA QUIETA,Rio Nizao,Quija Quieta,CL NO,,,0,0,0
639,4902,319200,2091800,1215,CONSTANZA,Rio Yaque del Sur,Constanza,CL INDR,,,0,0,0
640,4911,299645,2089144,1340,EL TETERO,Rio Yaque del Sur,El Tetero,CL NO,,,0,0,0
641,4915,253209,2064569,660,VALLEJUELO,Rio Yaque del Sur,Vallejuelo,CL INDR,,,0,0,0
642,4983,318400,2091100,1200,EL VALLE CONSTANZA,Rio Yaque del Sur,El Valle de Constanza,CL NO,,,0,0,0
643,4986,277615,2015150,35,BARAHONA,Rio Yaque del Sur,Barahona,CL NO,,,0,0,0
644,5102,259300,1977300,10,JUANCHO,Rio Nizaito,Juancho,CL NO,,,0,0,0
645,5313,221700,2057600,225,GUAYABAL POSTRER RIO,Lago Enriquillo,Guayabal - Postrer R¡o,CL NO,,,0,0,0
646,5315,216138,2046660,0,ISLA CABRITOS,Lago Enriquillo,Isla Cabritos,CL NO,,,0,0,0
647,5323,215200,2054200,0,LAGO ENRIQUILLO,Lago Enriquillo,Lago Enriquillo,CL NO,,,0,0,0
648,5324,215200,2054200,0,LAGO ENRIQUILLO (SAL),Lago Enriquillo,Lago Enriquillo,CL NO,,,0,0,0
649,5410,237550,2134166,900,NARANJITO,Rio Artibonito,Naranjito,CL INDR,,,0,0,0
650,3814,362600,2047400,0,SANTA GRACIA,Rio Nizao,Santa Gracia,CL NO,,,0,0,0
651,3004,473309,2040754,10,EL PEÑON S. P. MACORIS,Rio Soco,San Pedro de Macoris,CL NO,,,0,0,0
652,1852,340100,2106200,1420,CASABITO,Rio Yuna,Casabito,CL NO,,,0,0,0
653,407,254000,2155000,120,SANTIAGO RODRIGUEZ,Rio Yaque del Norte,SANTIAGO RODRIGUEZ,CL NO,,,0,0,0
654,202,231000,2156000,0,LAS MATAS DE SANTA CRUZ,Rio Chacuey,Las Matas de Santa Cruz,LD NO,,,0,0,0
655,105,219000,2158400,0,DAJABON LA OFICINA,Rio Masacre,Dajabon,LD NO,,,0,0,0
656,457,272200,2163700,0,GURABO AFUERA,Rio Yaque del Norte,Valverde Mao,LD INDH,,,0,0,0
657,1604,406918,2136478,0,AGLIPO,Rio Nagua,Nagua,LD NO,,,0,0,0
658,473,316008,2151524,144,SANTIAGO EN LA OFICINA,Rio Yaque del Norte,Santiago,LD INDH,,,0,0,0
659,472,292266,2168404,116,ESPERANZA OFICINA,Rio Yaque del Norte,Esperanza,LD NO,,,0,0,0
660,471,282517,2163788,450,MAO OFICINA INDRHI,Rio Yaque del Norte,Valverde Mao,LD NO,,,0,0,0
661,463,283800,2132346,700,LA DIFERENCIA,Rio Yaque del Norte,La Diferencia,LD NO,,,0,0,0
662,470,244321,2184039,49,VILLA VAZQUEZ OFICINA,Rio Yaque del Norte,Villa Vazquez,LD INDH,,,0,0,0
663,1854,388333,2128515,0,NARANJO DULCE,Rio Yuna,Naranjo Dulce,LD NO,,,0,0,0
664,5206,212941,1996070,9,LOS OLIVARES,Rio Pedernales,Pedernales,LD INDH,,,0,0,0
665,5202,263382,1980564,3,ENRIQUILLO,Rio Pedernales,Pedernales,LD METN,,,0,0,0
666,5205,209056,1995705,6,PEDERNALES LA OFICINA,Rio Pedernales,Pedernales,LD INDH,,,0,0,0
667,4988,265662,2080824,0,SAN JUAN EN OFICINA,Rio Yaque del Sur,San Juan de la Maguana,LD INDH,,,0,0,0
668,4987,276802,2015040,70,BARAHONA LA OFICINA,Rio Yaque del Sur,Barahona,LD INDH,,,0,0,0
669,4924,260006,2111944,0,LOS VALENCIOS,Rio Yaque del Sur,Los Valencios,LD NO,,,0,0,0
670,1858,407952,2137993,25,TELANZA (Bajo Yuna),Rio Yuna,Bajo Yuna,LD INDH,,,0,0,0
671,1857,340594,2126444,60,LA VEGA  EN LA OFICINA,Rio Yuna,La Vega,LD INDH,,,0,0,0
672,1856,257110,2145508,331,EL PLACER,Rio Yuna,El Placer,LD INDH,,,0,0,0
673,5323,215256,2054427,0,NEIBA EN LA OFICINA,Lago Enriquillo,Lago Enriquillo,LD INDH,,,0,0,0
674,5418,234236,2088434,0,LAS MATAS DE FARFAN,Rio Artibonito,Las Matas de Farfan,LD INDH,,,0,0,0
675,5419,215191,2088738,0,ELIAS PIÑA LA OFICINA,Rio Artibonito,Elias Piñas,LD INDH,,,0,0,0
676,103,216678,2163948,36,DAJABON,Rio Masacre,Dajabon,LD METN,,,0,0,0
677,104,211000,2180000,0,PEPILLO SALCEDO,Rio Masacre,Monte Cristi,LD METN,,,0,0,0
678,604,307790,2175658,310,ALTAMIRA,Rio Bajabonico,Altamira,LD METN,,,0,0,0
679,454,283163,2163022,78,MAO,Rio Yaque del Norte,Mao,LD METN,,,0,0,0
680,455,244965,2183829,24,VILLA VASQUEZ,Rio Yaque del Norte,Villa Vasquez,LD METN,,,0,0,0
681,456,224193,2197063,0,MONTE CRISTI,Rio Yaque del Norte,Monte Cristi,LD METN,,,0,0,0
682,453,255047,2154154,129,SANTIAGO RODRIGUEZ,Rio Yaque del Norte,Santiago Rodriguez,LD METN,,,0,0,0
683,468,328187,2114565,529,JARABACOA,Rio Yaque del Norte,Jarabacoa,LD METN,,,0,0,0
684,603,307889,2184883,0,IMBERT,Rio Bajabonico,Imbert,LD METN,,,0,0,0
685,701,295831,2199781,0,LUPERON,Rio Maimon,Luperon,LD METN,,,0,0,0
686,1701,465000,2123200,7,SAMANA,Samana,Samana,LD METN,,,0,0,0
687,1005,367168,2169583,0,GASPAR HERNANDEZ,Rio Yasica,Gaspar Hernandez,LD METN,,,0,0,0
688,1006,333972,2171705,129,YASICA,Rio Yasica,Yasica,LD METN,,,0,0,0
689,1201,388155,2171284,4,RIO SAN JUAN,Rio San Juan,Rio San Juan,LD METN,,,0,0,0
690,450,274416,2163129,366,MONCION,Rio Yaque del Norte,Moncion,LD METN,,,0,0,0
691,1703,459718,2131173,0,HATO VIEJO,Rio San Juan Samana,Samana,LD INDH,,,0,0,0
692,3313,403220,2043932,47,SANTO DOMINGO,Rio Ozama,Santo Domingo,LD METN,,,0,0,0
693,2402,535205,2036342,54,SAN RAFAEL DEL YUMA,Rio Duey,Higuey,LD METN,,,0,0,0
694,3310,417451,2078906,56,MONTE PLATA,Rio Ozama,Monte Plata,LD METN,,,0,0,0
695,1702,436944,2125472,17,SANCHEZ,Samana,Samana,LD METN,,,0,0,0
696,2701,503521,2036310,23,LA ROMANA,Rio Dulce,La Romana,LD METN,,,0,0,0
697,1704,469436,2130017,0,LA LAGUNA,Samana,Samana,LD INDH,,,0,0,0
698,4918,319196,2091895,1164,CONSTANZA,Rio Yaque del Sur,Constanza,LD METN,,,0,0,0
699,2001,456157,2106438,3,SABANA DE LA MAR,Rio Yabon,Sabana de la Mar,LD METN,,,0,0,0
700,2403,531651,2056621,106,HIGUEY,Rio Duey,Higuey,LD METN,,,0,0,0
701,4914,296156,2072452,0,PADRE LAS CASAS,Rio Yaque del Sur,Padre Las Casas,LD METN,,,0,0,0
702,3103,468321,2040024,3,SAN PEDRO DE MACORIS,Rio Higuamo,San Pedro de Macoris,LD METN,,,0,0,0
703,3104,473647,2073210,102,HATO MAYOR,Rio Higuamo,Hato Mayor,LD METN,,,0,0,0
704,3202,449011,2058507,41,LOS LLANOS,Rio Brujuelas,Los Llanos,LD METN,,,0,0,0
705,3311,392839,2075341,69,YAMASA,Rio Ozama,Yamasa,LD METN,,,0,0,0
706,3005,496487,2075036,87,EL SEYBO,Rio Soco,El Seybo,LD METN,,,0,0,0
707,1605,410500,2142300,0,DISTRITO NAGUA,Rio Nagua,Nagua,LD NO,,,0,0,0
708,3312,433239,2073310,76,BAYAGUANA,Rio Ozama,Bayaguana,LD METN,,,0,0,0
709,2101,494737,2099010,3,MICHES,Rio Yeguada,Miches,LD METN,,,0,0,0
710,3309,412070,2054954,12,LA VICTORIA,Rio Ozama,La Victoria,LD METN,,,0,0,0
711,3602,383817,2036662,44,SAN CRISTOBAL,Rio Nigua,San Cristobal,LD METN,,,0,0,0
712,3405,376954,2064372,156,VILLA ALTAGRACIA,Rio Haina,Villa Altagracia,LD METN,,,0,0,0
713,3811,347097,2068280,678,RANCHO ARRIBA,Rio Nizao,Rancho Arriba,LD METN,,,0,0,0
714,4002,359047,2020228,860,BANI,Rio Bani,Bani,LD METN,,,0,0,0
715,4003,325038,2056111,780,BANI EN LA OFICINA,Rio Bani,Bani,LD NO,,,0,0,0
716,4605,316946,2040875,76,AZUA,Rio Via,Azua,LD METN,,,0,0,0
717,4905,265614,2019290,19,CABRAL,Rio Yaque del Sur,Cabral,LD METN,,,0,0,0
718,4427,341669,2049877,475,SAN JOSE DE OCOA,Rio Ocoa,San Jose de Ocoa,LD METN,,,0,0,0
719,1603,411901,2141059,3,NAGUA,Rio Nagua,Nagua,LD METN,,,0,0,0
720,5204,249086,1967822,3,OVIEDO,Rio Pedernales,Pedernales,LD METN,,,0,0,1980123
721,5320,211481,2055099,9,LA DESCUBIERTA,Lago Enriquillo,La Descubierta,LD METN,,,0,0,0
722,5319,251676,2032383,2,DUVERGE,Lago Enriquillo,Duverge,LD METN,,,0,0,0
723,5203,210595,1996036,11,PEDERNALES,Rio Pedernales,Pedernales,LD METN,,,0,0,0
724,5103,258309,1999080,703,POLO,Rio Nizaito,Polo,LD METN,,,0,0,0
725,5318,244775,2043548,10,NEYBA,Lago Enriquillo,Neiba,LD METN,,,0,0,0
726,5317,265793,2034051,21,TAMAYO,Lago Enriquillo,Tamayo,LD METN,,,0,0,0
727,4937,264605,2080203,415,SAN JUAN,Rio Yaque del Sur,San Juan de la Maguana,LD METN,,,0,0,0
728,5414,234832,2087984,430,LAS MATAS DE FARFAN,Rio Artibonito,Las Matas de Farfan,LD METN,,,0,0,0
729,5416,215872,2112264,271,BANICA,Rio Artibonito,Banica,LD METN,,,0,0,0
730,5415,215504,2088269,387,ELIAS PIÑA,Rio Artibonito,Elias Piñas,LD METN,,,0,0,0
731,5405,217374,2095625,890,HONDO VALLE,Rio Artibonito,Hondo Valle,LD METN,,,0,0,0
732,5404,234597,2071375,720,EL CERCADO,Rio Artibonito,El Cercado,LD METN,,,0,0,0
733,5321,199012,2046061,31,JIMANI,Lago Enriquillo,Jimani,LD METN,,,0,0,0
734,5417,218025,2138078,594,RESTAURACION,Rio Artibonito,Restauracion,LD METN,,,0,0,0
735,182301,338800,2086400,0,LOS GUAZARO,Rio Yuna /Caña Amarga,Los Guazaros,QD INDR,,,0,0,0
736,491005,291962,2080064,0,PALOMINO,Rio Yaque del Sur/del Medio,Palomino,QD INDR,,,0,0,0
737,4401,344155,2050909,0,EL NARANJAL,RIO OCOA,OCOA,LH,,,0,0,0
738,3401,394195,2040230,10,ENGOMBE,Rio Haina,Engombe,LH,,,0,0,0
739,4903,273289,2075434,378,kM 11 SAN JUAN DE LA MAGUANA,YAQUE DEL S,SAN JUAN,LH,,,0,0,0
740,7315,317150,2167007,951,DIEGO DE OCAMPO,Rio Yaque del Norte,Santiago,CL EPTI,,,0,0,0
741,7317,345242,2167308,342,LA CAOBA,Rio Yuna,"MOCA , ESPAILLAT",CL EPTI,,,0,0,0
742,7321,388448,2164669,104,LOS CAJUILES,Rio Yuna,MARIA TRINIDAD SANCHEZ,CL EPTI,,,0,0,0
743,7323,365672,2150608,377,TENARES,Yaque del Norte,SALIDA TENARES,CL EPTI,,,0,0,0
744,7310,371427,2139304,176,NARANJO DULCE,Rio Yaque del Norte,"DUARTE, SAN F. MACORIS",CL EPTI,,,0,0,0
745,7312,236063,2195899,98,EL GOMEZ,Rio Yaque del Norte,MONTE CRISTI,CL EPTI,,,0,0,0
746,7318,269819,2167853,80,CERCADILLO,Rio Yaque del Norte,"MONTE CRISTI, GUAYUBIN",CL EPTI,,,0,0,0
747,7313,307993,2139880,256,CEBU,Rio Yaque del Norte,"SANTIAGO, JANICO",CL EPTI,,,0,0,0
748,7306,386314,2106054,71,LA CUEVA,Rio Yuna,"JUAN SANCHEZ R., COTUI",CL EPTI,,,0,0,0
749,7308,413380,2103343,19,MAJAGUAL,Rio Ozama,"MONTE PLATA, SAB G. BOYA",CL EPTI,,,0,0,0
750,7311,238633,2154440,181,EL RODEO,Rio Masacre,"DAJABON, PARTIDO",CL EPTI,,,0,0,0
751,7322,382406,2099943,60,LA CABIRMA,Rio Yuna,"SANCHEZ RAMIREZ, COTUI",CL EPTI,,,0,0,0
752,7300,301563,2124899,837,LA PLACETA,Rio Yaque del Norte,"SANTIAGO, SAN J. DE LAS M",CL EPTI,,,0,0,0
753,7314,241543,2057295,960,LA PETACA,Rio YAque del Sur,"BAHORUCO, NEIBA",CL EPTI,,,0,0,0
754,7319,217863,2006300,19,LAS MERCEDES,Rio Pedernales,PEDERNALES,CL EPTI,,,0,0,0
755,7307,254681,1988402,258,HIGUERITO,Rio Yaque del Sur,"BARAHONA, ARROYO DULCE",CL EPTI,,,0,0,0
756,7316,243072,2102549,622,LOS COPEYES,Rio Yaque de Sur,LAS MATAS DE FARFAN,CL EPTI,,,0,0,0
757,7309,212599,2047172,11,ISLA CABRITOS,Lago Enriquillo,"INDEPENDENCIA, DECUBERTA",CL EPTI,,,0,0,0
758,1853,349494,2107379,0,,YUNA,BRAZO GRAND,LD NO,,,0,0,0
