Nombre,Estado,entidad,tipo,propiedad,Longtiud,Latitud
Vuelta Larga,activa o bueno,Guakía Ambiente,meteoclimática,privada,-69.993499,19.290499
Jardín Botánico de Santo Domingo,activa o bueno,INTEC,meteoclimática,privada,-69.95305633544922,18.4950008392334
San Pedro de Macorís,activa o bueno,INTEC,meteoclimática,privada,-69.28655242919922,18.47432518005371
Las Terrenas,activa o bueno,INTEC,meteoclimática,privada,-69.55256652832031,19.032482147216797
Jardín Botánico de Santiago,activa o bueno,INTEC,meteoclimática,privada,-70.69771575927734,19.497507095336914
"Colegio Quisqueya, Santo Domingo",activa o bueno,INTEC,meteoclimática,privada,-69.95044708251953,18.456371307373047
Campus PUCCM Santiago,activa o bueno,PUCMM,meteoclimática,privada,-70.682416,19.4409224
Campus PUCMM Santo Domingo,activa o bueno,PUCMM,meteoclimática,privada,-69.929943,18.463916
Los_Tocones_Reddom,activa o bueno,Fundación REDDOM,meteoclimática,privada,-71.34635,19.50247
Chacuey_Reddom,activa o bueno,Fundación REDDOM,meteoclimática,privada,-71.5648,19.50264
Agua_de_Luis_Reddom,activa o bueno,Fundación REDDOM,meteoclimática,privada,-71.21466,19.75922
Juliana_Jaramillo_Reddom,activa o bueno,Fundación REDDOM,meteoclimática,privada,-71.6147,19.78727
Banamiel_Oficina_Reddom,activa o bueno,Fundación REDDOM,meteoclimática,privada,-71.19435,19.66831
Esnamarena_Reddom,activa o bueno,Fundación REDDOM,meteoclimática,privada,-70.60576,19.1255
Unisa_Reddom,activa o bueno,Fundación REDDOM,meteoclimática,privada,-70.74848,19.44292
Agrofrontera_Reddom,activa o bueno,Fundación REDDOM,meteoclimática,privada,-71.38353,19.60421
Los_Montones_Reddom,activa o bueno,Fundación REDDOM,meteoclimática,privada,-70.9251,19.28876
La_Guama_Reddom,activa o bueno,Fundación REDDOM,meteoclimática,privada,-71.5016,18.71723
Plan_Yaque_Manabao_Reddom,activa o bueno,Fundación REDDOM,meteoclimática,privada,-70.79701,19.07087
Ekoban1_Amina_Reddom,activa o bueno,Fundación REDDOM,meteoclimática,privada,-70.98673,19.53784
Banelino_Mao,activa o bueno,Fundación REDDOM,meteoclimática,privada,-71.09064,19.55873
Montecristi_Oficina_Banelino,activa o bueno,Fundación REDDOM,meteoclimática,privada,-71.64626,19.84958
Amina_Banelino,activa o bueno,Fundación REDDOM,meteoclimática,privada,-70.96859,19.5451
Judea_Nueva_Banamiel,activa o bueno,Fundación REDDOM,meteoclimática,privada,-71.65865,19.70878
Hatillo_Palma_Banelino,activa o bueno,Fundación REDDOM,meteoclimática,privada,-71.21455,19.66124
Hato_al_Medio_Banelino,activa o bueno,Fundación REDDOM,meteoclimática,privada,-71.31737,19.67714
Bananera_los_Rios,activa o bueno,Fundación REDDOM,meteoclimática,privada,-71.19988,19.63595
Novillero_Clay_REDDOM,activa o bueno,Fundación REDDOM,meteoclimática,privada,-71.11765,19.86363
Guananico_REDDOM,activa o bueno,Fundación REDDOM,meteoclimática,privada,-70.93845,19.73703
Puerto Plata_REDDOM,activa o bueno,Fundación REDDOM,meteoclimática,privada,-70.64679,19.70652
Jumunuco_REDDOM,activa o bueno,Fundación REDDOM,meteoclimática,privada,-70.7499,19.09705
La_Pita_REDDOM,activa o bueno,Fundación REDDOM,meteoclimática,privada,-70.6336,19.00903
Ucateci_LaVega_REDDOM,activa o bueno,Fundación REDDOM,meteoclimática,privada,-70.5191,19.23312
Las_Matas_de_Farfan_REDDOM,activa o bueno,Fundación REDDOM,meteoclimática,privada,-71.54292,18.87926
La_Cumbre_Reddom,activa o bueno,Fundación REDDOM,meteoclimática,privada,-70.62268,19.54729
Santiago_Apedi_Reddom,activa o bueno,Fundación REDDOM,meteoclimática,privada,-70.70682,19.47227
Cevicos_Reddom,activa o bueno,Fundación REDDOM,meteoclimática,privada,-69.97047,19.00639
Cimpa_Reddom,activa o bueno,Fundación REDDOM,meteoclimática,privada,-70.84041,19.52976
Conacado_Reddom,activa o bueno,Fundación REDDOM,meteoclimática,privada,-70.25831,19.04199
Sur_Futuro_Reddom,activa o bueno,Fundación REDDOM,meteoclimática,privada,-70.94145,18.73675
NA,activa o bueno,CAEI,pluviométrica,privada,-69.2188898,18.55293580000001
NA,activa o bueno,CAEI,pluviométrica,privada,-69.18946913,18.55230376999999
NA,activa o bueno,CAEI,pluviométrica,privada,-69.19706697,18.57829352999999
NA,activa o bueno,CAEI,pluviométrica,privada,-69.17891705,18.59603524
NA,activa o bueno,CAEI,pluviométrica,privada,-69.17079769,18.58075942999999
NA,activa o bueno,CAEI,pluviométrica,privada,-69.32053853,18.52682436000001
NA,activa o bueno,CAEI,pluviométrica,privada,-69.32005935,18.50351607000001
NA,activa o bueno,CAEI,pluviométrica,privada,-69.53085651000002,18.68998024000003
NA,activa o bueno,CAEI,pluviométrica,privada,-69.59511426,18.69934205
NA,activa o bueno,CAEI,pluviométrica,privada,-69.45966665999998,18.49031110999999
NA,activa o bueno,CAEI,pluviométrica,privada,-69.58603086,18.69027014999999
NA,activa o bueno,CAEI,pluviométrica,privada,-69.57900849,18.67273383999999
NA,activa o bueno,CAEI,pluviométrica,privada,-69.61237697999998,18.6292422
NA,activa o bueno,CAEI,pluviométrica,privada,-69.54196028,18.65939112
NA,activa o bueno,CAEI,pluviométrica,privada,-69.55102545999999,18.6302001
NA,activa o bueno,CAEI,pluviométrica,privada,-69.50963025,18.58394395000001
NA,activa o bueno,CAEI,pluviométrica,privada,-69.48853051,18.49635962000001
NA,activa o bueno,CAEI,pluviométrica,privada,-69.33381042,18.46709604999999
NA,activa o bueno,CAEI,pluviométrica,privada,-69.33715932999999,18.46023022000001
NA,activa o bueno,CAEI,pluviométrica,privada,-69.36815729,18.48667211000002
NA,activa o bueno,CAEI,pluviométrica,privada,-69.23283088,18.51921614
NA,activa o bueno,CAEI,pluviométrica,privada,-69.55671385999999,18.60408244
NA,activa o bueno,CAEI,pluviométrica,privada,-69.48490468,18.57442003
NA,activa o bueno,CAEI,pluviométrica,privada,-69.49746967,18.50183137999998
NA,activa o bueno,CAEI,pluviométrica,privada,-69.23040874000002,18.53580399000002
NA,activa o bueno,CAEI,pluviométrica,privada,-69.22398167,18.65683082
NA,activa o bueno,CAEI,pluviométrica,privada,-69.62644961,18.68469567999999
NA,activa o bueno,CAEI,pluviométrica,privada,-69.59897,18.67024999999999
NA,activa o bueno,CAEI,pluviométrica,privada,-69.18395666,18.60210394000001
NA,activa o bueno,CAEI,pluviométrica,privada,-69.32053853,18.52682436000001
NA,activa o bueno,CAEI,pluviométrica,privada,-69.5601819,18.69046335000003
NA,activa o bueno,CAEI,pluviométrica,privada,-69.27008615,18.59312483
NA,activa o bueno,CAEI,pluviométrica,privada,-69.46264121,18.51041538
NA,activa o bueno,CAEI,pluviométrica,privada,-69.43877247000002,18.5122708
NA,activa o bueno,CAEI,pluviométrica,privada,-69.39802688,18.51267726000001
NA,activa o bueno,CAEI,pluviométrica,privada,-69.53803022000001,18.59162848000001
NA,activa o bueno,CAEI,pluviométrica,privada,-69.52501212,18.59314739000003
NA,activa o bueno,CAEI,pluviométrica,privada,-69.22685954,18.53882699999998
NA,activa o bueno,CAEI,pluviométrica,privada,-69.53131818,18.66737469000002
NA,activa o bueno,CAEI,pluviométrica,privada,-69.51957825,18.63589299000001
NA,activa o bueno,CAEI,pluviométrica,privada,-69.52050825999999,18.59256338999999
NA,activa o bueno,CAEI,pluviométrica,privada,-69.27129015,18.52131593999999
NA,activa o bueno,CAEI,pluviométrica,privada,-69.55889301,18.62121149
NA,activa o bueno,CAEI,pluviométrica,privada,-69.56821374,18.66181698
NA,activa o bueno,CAEI,pluviométrica,privada,-69.60786372,18.58095958
NA,activa o bueno,CAEI,pluviométrica,privada,-69.23799472,18.54002441000002
NA,activa o bueno,CAEI,pluviométrica,privada,-70.17930000000001,18.321
NA,activa o bueno,CAEI,pluviométrica,privada,-70.2028,18.3083
NA,activa o bueno,CAEI,pluviométrica,privada,-70.1986,18.3396
NA,activa o bueno,CAEI,pluviométrica,privada,-70.2217,18.32929999999998
NA,activa o bueno,CAEI,pluviométrica,privada,-70.2277,18.2783
NA,activa o bueno,CAEI,pluviométrica,privada,-70.24449999999999,18.25720000000002
NA,activa o bueno,CAEI,pluviométrica,privada,-70.24698074999999,18.24268694000001
NA,activa o bueno,CAEI,pluviométrica,privada,-70.18782200000001,18.35632400000002
NA,activa o bueno,CAEI,pluviométrica,privada,-70.163642,18.33951700000001
NA,activa o bueno,CAEI,pluviométrica,privada,-69.62263,18.64301000000002
NA,activa o bueno,CAEI,pluviométrica,privada,-69.41818433,18.54273013999999
NA,activa o bueno,CAEI,pluviométrica,privada,-69.4858822,18.55482345999999
NA,activa o bueno,CAEI,pluviométrica,privada,-69.42933337,18.55270106000001
NA,activa o bueno,CAEI,pluviométrica,privada,-69.42797243,18.57314790000002
NA,activa o bueno,CAEI,pluviométrica,privada,-69.40927016,18.57942692
NA,activa o bueno,CAEI,pluviométrica,privada,-69.43683540999999,18.64076688999999
NA,activa o bueno,CAEI,pluviométrica,privada,-69.43903688,18.67101129999999
NA,activa o bueno,CAEI,pluviométrica,privada,-69.42009682000001,18.61537487000001
NA,activa o bueno,CAEI,pluviométrica,privada,-69.44631663999999,18.59368460999999
NA,activa o bueno,CAEI,pluviométrica,privada,-69.45661627999999,18.69537134
NA,activa o bueno,CAEI,pluviométrica,privada,-69.44524568,18.73182077999997
NA,activa o bueno,CAEI,pluviométrica,privada,-69.43674607,18.70216083000002
NA,activa o bueno,CAEI,pluviométrica,privada,-69.41940914,18.68300414
NA,activa o bueno,CAEI,pluviométrica,privada,-69.39473491,18.69982281000001
NA,activa o bueno,CAEI,pluviométrica,privada,-69.40991945000002,18.71575999
NA,activa o bueno,CAEI,pluviométrica,privada,-69.42772943,18.74101684999999
NA,activa o bueno,CAEI,pluviométrica,privada,-69.39123305,18.66266245000001
NA,activa o bueno,CAEI,pluviométrica,privada,-69.36894713,18.62069458
NA,activa o bueno,CAEI,pluviométrica,privada,-69.37292414,18.68376203
NA,activa o bueno,CAEI,pluviométrica,privada,-69.33940102000001,18.57404206000002
NA,activa o bueno,CAEI,pluviométrica,privada,-69.31270832,18.58697636999999
NA,activa o bueno,CAEI,pluviométrica,privada,-69.311437,18.54462
NA,activa o bueno,CAEI,pluviométrica,privada,-69.31993844,18.61152037999999
NA,activa o bueno,CAEI,pluviométrica,privada,-69.31323966,18.63390959000001
NA,activa o bueno,CAEI,pluviométrica,privada,-69.32827433,18.59361088000001
NA,activa o bueno,CAEI,pluviométrica,privada,-69.32952263000001,18.64136515999998
NA,activa o bueno,CAEI,pluviométrica,privada,-69.21798175,18.57662559
NA,activa o bueno,CAEI,pluviométrica,privada,-69.18480187,18.67372021999999
NA,activa o bueno,CAEI,pluviométrica,privada,-69.20692625000001,18.51755614000002
NA,activa o bueno,CAEI,pluviométrica,privada,-69.24272066,18.51154844999998
NA,activa o bueno,CAEI,pluviométrica,privada,-69.40861196,18.55777778
NA,activa o bueno,CAEI,pluviométrica,privada,-69.50196,18.50637100000002
NA,activa o bueno,CAEI,pluviométrica,privada,-69.51059099999999,18.48191100000001
NA,activa o bueno,CAEI,pluviométrica,privada,-69.462761,18.45941699999999
NA,activa o bueno,CAEI,pluviométrica,privada,-69.42882400000002,18.59325300000001
NA,activa o bueno,CAEI,pluviométrica,privada,-69.380217,18.46860100000001
NA,activa o bueno,CAEI,pluviométrica,privada,-69.40572000000002,18.52338099999999
NA,activa o bueno,CAEI,pluviométrica,privada,-69.38823899999998,18.518636
NA,activa o bueno,CAEI,pluviométrica,privada,-69.52488611,18.593841667
NA,activa o bueno,CAEI,meteoclimática,privada,-69.52488611111112,18.593841666666666
Estación Japonesa,activa o bueno,Universidad ISA,meteoclimática,privada,-70.7482792,19.4431974
Río Ozama en barrera de salinidad,activa o bueno,SGN,hidrométrica,pública,-69.78653120025741,18.571514481695115
Río Haina en Manoguayabo,activa o bueno,SGN,hidrométrica,pública,-70.01934317535616,18.47067675578849
Catanamatias,activa o bueno,INDRHI,meteoclimática,pública,-71.40899209176347,19.04968216678585
Matayaya,activa o bueno,INDRHI,meteoclimática,pública,-71.58844202394849,18.883566788564433
Naranjito,activa o bueno,INDRHI,meteoclimática,pública,-71.49733194161863,19.284128699712824
Sabana Mula,activa o bueno,INDRHI,meteoclimática,pública,-71.55649783010654,19.034124312113633
Higuerito,inactiva o no reportada,INDRHI,meteoclimática,pública,-71.62429832861513,18.990171330170508
La Isabela,activa o bueno,INDRHI,meteoclimática,pública,-71.0639720522013,19.830248415622425
Bayahibe,inactiva o no reportada,INDRHI,meteoclimática,pública,-68.84188738409597,18.40092027055336
Angostura,activa o bueno,INDRHI,meteoclimática,pública,-71.39484751708007,18.26713442014255
Lago Enriquillo,inactiva o no reportada,INDRHI,meteoclimática,pública,-71.6981143836048,18.559285653604093
Puerto Escondido,inactiva o no reportada,INDRHI,meteoclimática,pública,-71.57232680644849,18.321056303079256
La Peñita,inactiva o no reportada,INDRHI,meteoclimática,pública,-70.27560605492654,18.455507162283848
Sabana de la Mar,regular,INDRHI,meteoclimática,pública,-69.38908380573595,19.046048572893334
Medina,activa o bueno,INDRHI,meteoclimática,pública,-70.14449578241941,18.53522538174953
Cítricos Dominicanos,inactiva o no reportada,INDRHI,meteoclimática,pública,-70.24028287715183,18.738968655886385
Engombe,regular,INDRHI,meteoclimática,pública,-70.00193613481875,18.449405900703745
Hato Mayor,inactiva o no reportada,INDRHI,meteoclimática,pública,-69.25001375941893,18.750231756555962
La Guama,inactiva o no reportada,INDRHI,meteoclimática,pública,-68.6611922182135,18.80965096489676
Palo de Caja,regular,INDRHI,meteoclimática,pública,-70.40005921817928,18.53078456626454
Presa Jiguez,regular,INDRHI,meteoclimática,pública,-70.38255477500685,18.533280892289596
Valdesia,regular,INDRHI,meteoclimática,pública,-70.28060826119095,18.408556380785992
Comate,inactiva o no reportada,INDRHI,meteoclimática,pública,-69.61663754140255,18.74567728920396
Pueblo Nuevo,inactiva o no reportada,INDRHI,meteoclimática,pública,-70.17476823303743,18.43994688103648
Triple Ozama,inactiva o no reportada,INDRHI,meteoclimática,pública,-69.94047432826501,18.810299603448723
Santana,inactiva o no reportada,INDRHI,meteoclimática,pública,-70.21687211628483,18.278982686240237
Los Jengibres,inactiva o no reportada,INDRHI,meteoclimática,pública,-70.04726537519694,19.439131975441484
Higuey,inactiva o no reportada,INDRHI,meteoclimática,pública,-68.69901486945056,18.619920691109762
El Memiso,activa o bueno,INDRHI,meteoclimática,pública,-70.5715854525037,18.51421112837407
Los Arroyos,activa o bueno,INDRHI,meteoclimática,pública,-70.52915657657742,18.641959710675867
Naranjal,inactiva o no reportada,INDRHI,meteoclimática,pública,-70.47711910770818,18.54298342692382
Trepada Alta,inactiva o no reportada,INDRHI,meteoclimática,pública,-69.45929516993382,18.97636220036805
El Seibo,inactiva o no reportada,INDRHI,meteoclimática,pública,-69.04444172224544,18.76550491697898
Jarabacoa,activa o bueno,INDRHI,meteoclimática,pública,-70.63896264645372,19.13079580131121
La Antona,activa o bueno,INDRHI,meteoclimática,pública,-71.40288117704489,19.633577623646143
Matagrande,activa o bueno,INDRHI,meteoclimática,pública,-70.9875835346401,19.20856694019724
Boca de Mao,inactiva o no reportada,INDRHI,meteoclimática,pública,-71.05147222898223,19.588295085992026
El Arroyaso,inactiva o no reportada,INDRHI,meteoclimática,pública,-70.5322878740488,19.044961152762482
El Naranjito,inactiva o no reportada,INDRHI,meteoclimática,pública,-71.34350571674072,19.4744178960747
Isa,inactiva o no reportada,INDRHI,meteoclimática,pública,-70.74591128484296,19.446077301817336
Quinigua,inactiva o no reportada,INDRHI,meteoclimática,pública,-70.7736824569074,19.526633403382167
Tavera,inactiva o no reportada,INDRHI,meteoclimática,pública,-70.7181322217205,19.283574561551113
Constanza,activa o bueno,INDRHI,meteoclimática,pública,-70.71674292267141,18.91134403889928
Vallejuelo,activa o bueno,INDRHI,meteoclimática,pública,-71.3394896426794,18.657737244696943
Km 11 Carretera Sánchez,inactiva o no reportada,INDRHI,meteoclimática,pública,-71.15053394206662,18.758129413909792
Peñón Barahona,inactiva o no reportada,INDRHI,meteoclimática,pública,-71.18721980333125,18.296621890081752
Angelina,activa o bueno,INDRHI,meteoclimática,pública,-70.22229242140132,19.13080257168733
Juma-Bonao,activa o bueno,INDRHI,meteoclimática,pública,-70.38617657837254,18.900227161264947
Barraquito,inactiva o no reportada,INDRHI,meteoclimática,pública,-69.78891402846091,19.128988146604037
El Aguacate,inactiva o no reportada,INDRHI,meteoclimática,pública,-69.75948524268016,19.172200000553936
Los Botados,inactiva o no reportada,INDRHI,meteoclimática,pública,-70.57673917826233,18.870780355241696
Blanco (Presa),regular,INDRHI,meteoclimática,pública,-70.5581200063964,18.887453468963802
Cenovi en Santa Ana,regular,INDRHI,meteoclimática,pública,-70.34795688447832,19.294668835655777
El Limón,regular,INDRHI,meteoclimática,pública,-69.81944803642743,19.153010068927664
José Contreras,regular,INDRHI,meteoclimática,pública,-70.45006319344644,19.46690749161006
Presa Hatillo,regular,INDRHI,meteoclimática,pública,-70.252830819442,18.94744770116959
Batey Excabacion,inactiva o no reportada,INDRHI,hidrométrica,pública,-69.40146699345563,18.630605745336812
Puerto Escondido,activa o bueno,INDRHI,hidrométrica,pública,-71.58066169823489,18.32453801331089
El Millo,inactiva o no reportada,INDRHI,hidrométrica,pública,-71.34921893576211,18.547154672665815
Anamuya,inactiva o no reportada,INDRHI,hidrométrica,pública,-68.64482425032722,18.69946799956868
Rinconcito,activa o bueno,INDRHI,hidrométrica,pública,-71.76761685314638,18.958011182406654
Sonador,activa o bueno,INDRHI,hidrométrica,pública,-71.57686691521135,18.70537338791263
Puertecito,activa o bueno,INDRHI,hidrométrica,pública,-71.50987389141285,18.800927705408977
Cajuilito,activa o bueno,INDRHI,hidrométrica,pública,-71.59966095396388,19.082628097317198
Ranchitos,inactiva o no reportada,INDRHI,hidrométrica,pública,-71.61729335648299,18.932459010752375
Pozo Hondo,regular,INDRHI,hidrométrica,pública,-71.4859082967421,19.01004562156182
Pedro Santana,regular,INDRHI,hidrométrica,pública,-71.69024165697554,19.102565370666326
El Estrecho,inactiva o no reportada,INDRHI,hidrométrica,pública,-70.94146676515459,19.805527752670155
Imbert,regular,INDRHI,hidrométrica,pública,-70.8271353991782,19.29927437838986
El Recodo,inactiva o no reportada,INDRHI,hidrométrica,pública,-70.3394455100412,18.373614116647623
Los Jengibres,inactiva o no reportada,INDRHI,hidrométrica,pública,-70.04241863614133,19.44385864385017
La Pinta,inactiva o no reportada,INDRHI,hidrométrica,pública,-71.55149720296004,19.64413306684839
Manabao,inactiva o no reportada,INDRHI,hidrométrica,pública,-70.78759847016742,19.076995110351326
La Espensa,regular,INDRHI,hidrométrica,pública,-71.55427504170541,19.57802092382919
Santa Lucía,inactiva o no reportada,INDRHI,hidrométrica,pública,-68.93689792158581,18.68206120192965
El Mamey,activa o bueno,INDRHI,hidrométrica,pública,-68.75111099993157,18.668783707527485
Los Corozos,inactiva o no reportada,INDRHI,hidrométrica,pública,-70.12344249298785,18.524661277242902
Don Miguel,activa o bueno,INDRHI,hidrométrica,pública,-71.68350609097438,19.493654217717822
Carbonera,inactiva o no reportada,INDRHI,hidrométrica,pública,-71.69400319809785,19.590520996208078
La Aduana,inactiva o no reportada,INDRHI,hidrométrica,pública,-71.7114139807028,19.548470107984375
Cinta Negra,inactiva o no reportada,INDRHI,hidrométrica,pública,-69.9634334850834,19.280349224766567
Villa Nizao,inactiva o no reportada,INDRHI,hidrométrica,pública,-71.18575718417328,18.016619756320054
Bocaina,inactiva o no reportada,INDRHI,hidrométrica,pública,-70.47315840726453,18.672802729541132
Jiguey,regular,INDRHI,hidrométrica,pública,-70.37744652745693,18.5459867213011
Aguacate,regular,INDRHI,hidrométrica,pública,-70.32148898005994,18.49588321934627
El Salto,activa o bueno,INDRHI,hidrométrica,pública,-69.60801088451876,18.83987606963797
El Higuero,inactiva o no reportada,INDRHI,hidrométrica,pública,-69.9993279320649,18.61657764736889
Don Juan,inactiva o no reportada,INDRHI,hidrométrica,pública,-69.9510041330953,18.818117346559127
Los Hidalgos,inactiva o no reportada,INDRHI,hidrométrica,pública,-69.66439581491538,18.877134295125604
El Cacique,regular,INDRHI,hidrométrica,pública,-69.86123436367022,18.81733346707351
Valle de Samaná,inactiva o no reportada,INDRHI,hidrométrica,pública,-69.33747363077691,19.26322872009464
San Rafael I,inactiva o no reportada,INDRHI,hidrométrica,pública,-71.1378689721097,18.02910602342581
San Rafael II,inactiva o no reportada,INDRHI,hidrométrica,pública,-71.14120435378965,18.03241151302977
San Rafael,inactiva o no reportada,INDRHI,hidrométrica,pública,-71.14116132376083,18.03041559155058
Paso al Medio,inactiva o no reportada,INDRHI,hidrométrica,pública,-69.1719311140077,18.567418126607066
Santa Cruz,activa o bueno,INDRHI,hidrométrica,pública,-71.52177174741806,19.623858930420955
Puente Guayubin,activa o bueno,INDRHI,hidrométrica,pública,-71.39815737946486,19.66163346527382
Sabaneta,activa o bueno,INDRHI,hidrométrica,pública,-70.97864295151084,19.545651936966415
La Fortaleza,activa o bueno,INDRHI,hidrométrica,pública,-70.83343833688609,19.04703088785951
Puente San Rafael,activa o bueno,INDRHI,hidrométrica,pública,-71.05941957281902,19.589712891186597
Peña Ranchadero,activa o bueno,INDRHI,hidrométrica,pública,-71.32976611570709,19.65942056709194
Inoa,activa o bueno,INDRHI,hidrométrica,pública,-70.95897185501681,19.32357296695872
Boma,activa o bueno,INDRHI,hidrométrica,pública,-70.662240248888,19.16861321781287
Jinamagao,activa o bueno,INDRHI,hidrométrica,pública,-70.98201886559359,19.54276954331515
Jarabacoa,inactiva o no reportada,INDRHI,hidrométrica,pública,-70.67839965072523,19.083569023435757
Palo verde,inactiva o no reportada,INDRHI,hidrométrica,pública,-71.55546053368113,19.757777231303525
Mata Grande,inactiva o no reportada,INDRHI,hidrométrica,pública,-70.99611455515499,19.19532192244504
Cana Chapetón,inactiva o no reportada,INDRHI,hidrométrica,pública,-71.25967330236736,19.597889452335295
Bejucal,inactiva o no reportada,INDRHI,hidrométrica,pública,-70.73507018005688,19.182457365293
Rincón,inactiva o no reportada,INDRHI,hidrométrica,pública,-71.38662839797276,19.52612651279955
La Antona,inactiva o no reportada,INDRHI,hidrométrica,pública,-71.40288877761951,19.630245132176455
Inaje,inactiva o no reportada,INDRHI,hidrométrica,pública,-71.46926806991084,19.4213532836642
Jicomé,inactiva o no reportada,INDRHI,hidrométrica,pública,-70.94841901869907,19.62801854051002
La Gorra,inactiva o no reportada,INDRHI,hidrométrica,pública,-71.4948241273873,19.51829858302312
Bulla,inactiva o no reportada,INDRHI,hidrométrica,pública,-71.07707226708085,19.4198249654967
Chorrera,inactiva o no reportada,INDRHI,hidrométrica,pública,-71.08481061196363,19.464130619327207
Martínez,inactiva o no reportada,INDRHI,hidrométrica,pública,-71.07953261505956,19.470519610938315
Mata de Jobo,inactiva o no reportada,INDRHI,hidrométrica,pública,-71.33121050702218,19.46496720957291
Manabao,inactiva o no reportada,INDRHI,hidrométrica,pública,-70.78986738758518,19.069727724964583
Paso Bajito,inactiva o no reportada,INDRHI,hidrométrica,pública,-70.66399331442774,19.014946232087855
Bao,inactiva o no reportada,INDRHI,hidrométrica,pública,-70.79702054421045,19.305795009676952
Sabana Iglesia,inactiva o no reportada,INDRHI,hidrométrica,pública,-70.74618506375215,19.314128499975514
El Puente,inactiva o no reportada,INDRHI,hidrométrica,pública,-70.7656335779899,19.452182991386568
Guanajuma,inactiva o no reportada,INDRHI,hidrométrica,pública,-70.74535388046702,19.28107601581934
Jamamú,inactiva o no reportada,INDRHI,hidrométrica,pública,-70.93343700904038,19.1944037142049
Jamamú,inactiva o no reportada,INDRHI,hidrométrica,pública,-70.93343700904038,19.1944037142049
Casa de Máquina,inactiva o no reportada,INDRHI,hidrométrica,pública,-70.59786755205846,19.098921333116557
Hato Viejo,inactiva o no reportada,INDRHI,hidrométrica,pública,-70.63414411178962,19.134741653360464
Pinalito,inactiva o no reportada,INDRHI,hidrométrica,pública,-70.75896717093461,19.295237309294677
Potrero,inactiva o no reportada,INDRHI,hidrométrica,pública,-70.9600807978597,19.46968770987457
Paso de la Perra,inactiva o no reportada,INDRHI,hidrométrica,pública,-70.8396646903739,19.07752170095255
Pinar Quemado,inactiva o no reportada,INDRHI,hidrométrica,pública,-70.6651342741263,19.095018731147203
Los Velazquitos,inactiva o no reportada,INDRHI,hidrométrica,pública,-70.67757099195002,19.212738081916047
Tavera,inactiva o no reportada,INDRHI,hidrométrica,pública,-70.71535039520718,19.2613499232226
Baitoa,inactiva o no reportada,INDRHI,hidrométrica,pública,-70.7089612734424,19.32773984164023
Baitoa,inactiva o no reportada,INDRHI,hidrométrica,pública,-70.7089612734424,19.32773984164023
López,inactiva o no reportada,INDRHI,hidrométrica,pública,-70.71118359328536,19.3341288282092
López,inactiva o no reportada,INDRHI,hidrométrica,pública,-70.71118359328536,19.3341288282092
Las Charcas,inactiva o no reportada,INDRHI,hidrométrica,pública,-70.71396153104472,19.408574424398907
Pte. Viejo Santiago,inactiva o no reportada,INDRHI,hidrométrica,pública,-70.71173922743638,19.431074774576242
Pte. Viejo Santiago,inactiva o no reportada,INDRHI,hidrométrica,pública,-70.71173922743638,19.431074774576242
Santiago,inactiva o no reportada,INDRHI,hidrométrica,pública,-70.7031277572589,19.44135271653682
Santiago,inactiva o no reportada,INDRHI,hidrométrica,pública,-70.7031277572589,19.44135271653682
Hato Yaque,inactiva o no reportada,INDRHI,hidrométrica,pública,-70.79618729482503,19.50579811113829
Cañeo,inactiva o no reportada,INDRHI,hidrométrica,pública,-70.98313968903487,19.54246523622112
Jicome,inactiva o no reportada,INDRHI,hidrométrica,pública,-71.14731337596294,19.62496641261221
La Caña,inactiva o no reportada,INDRHI,hidrométrica,pública,-71.52538496583806,19.62246608455672
Dique Juan Gómez,inactiva o no reportada,INDRHI,hidrométrica,pública,-71.41704709221432,19.68913387953304
El Higuero,inactiva o no reportada,INDRHI,hidrométrica,pública,-70.83769486277758,19.247946963418563
Redondo,regular,INDRHI,hidrométrica,pública,-70.58389428770657,19.028633159140007
Aguas Caliente,regular,INDRHI,hidrométrica,pública,-70.89813589744726,19.24523846060087
Pinalito,regular,INDRHI,hidrométrica,pública,-70.75896717093461,19.295237309294677
Inoa,regular,INDRHI,hidrométrica,pública,-70.98299853596488,19.35221660001345
Paso de la Palma,regular,INDRHI,hidrométrica,pública,-71.51603956258829,19.574552486498472
Los Pilones,regular,INDRHI,hidrométrica,pública,-70.77351841183253,19.25578956385491
El Cerrazo,regular,INDRHI,hidrométrica,pública,-70.72709960791924,19.235924943015227
Palomino,activa o bueno,INDRHI,hidrométrica,pública,-70.96943944153779,18.805121456331573
Paso de Lima,activa o bueno,INDRHI,hidrométrica,pública,-71.29825708139882,19.024721732838668
Vallejuelo,activa o bueno,INDRHI,hidrométrica,pública,-71.31720633654864,18.65660452271541
Hato Viejo,inactiva o no reportada,INDRHI,hidrométrica,pública,-71.25538234307757,18.797069642927898
Palo Alto,inactiva o no reportada,INDRHI,hidrométrica,pública,-71.17364488520474,18.299279053326956
Conuquito,inactiva o no reportada,INDRHI,hidrométrica,pública,-71.15147937400539,18.41161449238778
El Rodeo,inactiva o no reportada,INDRHI,hidrométrica,pública,-71.26759778150804,19.005510135225215
La Coja,inactiva o no reportada,INDRHI,hidrométrica,pública,-70.81868326176988,18.768563547207272
La Guama,inactiva o no reportada,INDRHI,hidrométrica,pública,-70.81296183568962,18.725715164594423
Los Guiros,regular,INDRHI,hidrométrica,pública,-71.0009467331279,18.510579755610213
El Cacheo,regular,INDRHI,hidrométrica,pública,-71.11518734365364,18.813850646724166
Paso de Lima,regular,INDRHI,hidrométrica,pública,-71.29825708139882,19.024721732838668
Yásica Arriba,activa o bueno,INDRHI,hidrométrica,pública,-70.5932669098313,19.633654801899223
Palma Herrera,inactiva o no reportada,INDRHI,hidrométrica,pública,-70.41089320322908,19.554687954273167
Sonador,inactiva o no reportada,INDRHI,hidrométrica,pública,-70.53943259285978,19.598699062827677
Jamao,inactiva o no reportada,INDRHI,hidrométrica,pública,-70.44827536963665,19.631709102508676
Los Brazos,inactiva o no reportada,INDRHI,hidrométrica,pública,-70.43089025135968,19.66052479983721
Santa Ana,activa o bueno,INDRHI,hidrométrica,pública,-70.37064181444197,19.25907223702579
Yuna,activa o bueno,INDRHI,hidrométrica,pública,-70.2527770996094,18.9472217559814
Los Arroces,activa o bueno,INDRHI,hidrométrica,pública,-70.16638246406247,18.978662570917727
Blanco (Presa),inactiva o no reportada,INDRHI,hidrométrica,pública,-70.5213851928711,18.8827781677246
El Torito,inactiva o no reportada,INDRHI,hidrométrica,pública,-70.45589840900307,18.75633624787512
Los Plátanos,inactiva o no reportada,INDRHI,hidrométrica,pública,-70.31889900921068,18.786322022652474
Blanco,inactiva o no reportada,INDRHI,hidrométrica,pública,-70.52145928951403,18.883004576435578
Rodeo,inactiva o no reportada,INDRHI,hidrométrica,pública,-70.56839985801015,18.884394476096173
Tireo,inactiva o no reportada,INDRHI,hidrométrica,pública,-70.63285326332577,18.91912073980787
Los Guázaros,inactiva o no reportada,INDRHI,hidrométrica,pública,-70.52646187566172,18.85578551510011
Tireo,inactiva o no reportada,INDRHI,hidrométrica,pública,-70.56839985801015,18.884394476096173
El Pino de Yuna,inactiva o no reportada,INDRHI,hidrométrica,pública,-70.45617790809096,18.795503283923807
Piedra los Veganos,inactiva o no reportada,INDRHI,hidrométrica,pública,-70.47173130635412,18.819948824444733
Hatillo,inactiva o no reportada,INDRHI,hidrométrica,pública,-70.252830819442,18.94744770116959
Arroyón Arriba,inactiva o no reportada,INDRHI,hidrométrica,pública,-70.52827220288945,18.859719073064994
Arroyón Abajo,inactiva o no reportada,INDRHI,hidrométrica,pública,-70.5235354186187,18.860661432146998
Jeremías,inactiva o no reportada,INDRHI,hidrométrica,pública,-70.48596932613987,19.2255368675608
Jamo,inactiva o no reportada,INDRHI,hidrométrica,pública,-70.48885107788547,19.2286757322059
Cañabón,inactiva o no reportada,INDRHI,hidrométrica,pública,-70.41887176606333,19.05394542924834
Cevicos,inactiva o no reportada,INDRHI,hidrométrica,pública,-69.98432192608104,19.006170137161302
Sabana Grande,inactiva o no reportada,INDRHI,hidrométrica,pública,-70.06621212088187,19.035536367220256
Jayaco,inactiva o no reportada,INDRHI,hidrométrica,pública,-70.43936202934405,19.00589914067723
Blanco,inactiva o no reportada,INDRHI,hidrométrica,pública,-70.36809952864644,18.88716896472218
Naranjal,inactiva o no reportada,INDRHI,hidrométrica,pública,-70.5144970206696,19.328301352872437
Maimón,inactiva o no reportada,INDRHI,hidrométrica,pública,-70.28490290812165,18.89937381116969
Los Guázaros,inactiva o no reportada,INDRHI,hidrométrica,pública,-70.52257011565852,18.858862274851766
El Meche,inactiva o no reportada,INDRHI,hidrométrica,pública,-70.5329104474626,18.847935105374006
Rincón de Yuboa,inactiva o no reportada,INDRHI,hidrométrica,pública,-70.36156662148514,18.783305080876058
Los Quemados,inactiva o no reportada,INDRHI,hidrométrica,pública,-70.47313983382323,18.87915605897389
Bonao,inactiva o no reportada,INDRHI,hidrométrica,pública,-70.40762188134721,18.95915866888985
Los Corosos,inactiva o no reportada,INDRHI,hidrométrica,pública,-70.20088697823324,19.054959660633898
La Jagua,inactiva o no reportada,INDRHI,hidrométrica,pública,-69.70796267474671,19.148819379694995
La Bija,inactiva o no reportada,INDRHI,hidrométrica,pública,-70.12723441856889,19.14948209737619
Bayacanes,inactiva o no reportada,INDRHI,hidrométrica,pública,-70.5815320783857,19.235650502864477
"Cenoví, Los Limones",inactiva o no reportada,INDRHI,hidrométrica,pública,-70.34905634302483,19.31966170458696
El pino de Yuna,inactiva o no reportada,INDRHI,hidrométrica,pública,-70.2972259521484,18.8947219848633
Abadesa,inactiva o no reportada,INDRHI,hidrométrica,pública,-69.9264283995321,19.01863264960775
Los Plátanos,inactiva o no reportada,INDRHI,hidrométrica,pública,-70.1122849327979,19.122139266697815
Ranchito,inactiva o no reportada,INDRHI,hidrométrica,pública,-70.38871644220741,19.175078514058782
Los Tres Pasos,inactiva o no reportada,INDRHI,hidrométrica,pública,-70.0787913797197,18.976401350875328
La Cabirma,inactiva o no reportada,INDRHI,hidrométrica,pública,-70.1152162397556,18.97470361565409
Pinalito,inactiva o no reportada,INDRHI,hidrométrica,pública,-70.28922984837727,18.896614978980043
La Boca,regular,INDRHI,hidrométrica,pública,-70.30209329910095,19.245775809518932
Jaya,regular,INDRHI,hidrométrica,pública,-70.3024978637695,19.2455558776855
Rincón,regular,INDRHI,hidrométrica,pública,-70.40695098740946,19.10508700296321
Villa Riva,regular,INDRHI,hidrométrica,pública,-69.90444265628129,19.17439869879099
El Limón,regular,INDRHI,hidrométrica,pública,-69.81921031277749,19.15301112893035
BAIGUAQUEPILONES LOS,activa o bueno,INDRHI,hidrométrica,pública,-70.8794479370117,19.3488883972168
BAIGUAQUEPILONES LOS,activa o bueno,INDRHI,hidrométrica,pública,-70.8794479370117,19.3488883972168
ARPT. ARROYO BARRIL,activa o bueno,ONAMET,meteoclimática,pública,-69.43144,19.2005
ARPT. GREGORIO LUPERÓN,activa o bueno,ONAMET,meteoclimática,pública,-70.56316,19.75416
ARPT. MARÍA MONTEZ,activa o bueno,ONAMET,meteoclimática,pública,-71.12288,18.24861
BAYAGUANA,activa o bueno,ONAMET,meteoclimática,pública,-69.63083,18.74216
CABO ENGAÑO,activa o bueno,ONAMET,meteoclimática,pública,-68.3255,18.616784
CABRERA,activa o bueno,ONAMET,meteoclimática,pública,-69.90633,19.64436
CONSTANZA,activa o bueno,ONAMET,meteoclimática,pública,-70.71619,18.91173
HONDO VALLE,activa o bueno,ONAMET,meteoclimática,pública,-71.69364,18.71213
JARABACOA,activa o bueno,ONAMET,meteoclimática,pública,-70.605721,19.125508
JIMANÍ,activa o bueno,ONAMET,meteoclimática,pública,-71.85301,18.49278
ARPT. DE LA ROMANA,activa o bueno,ONAMET,meteoclimática,pública,-68.90925,18.448528
LA VEGA,activa o bueno,ONAMET,meteoclimática,pública,-70.53108,19.22275
LA VICTORIA,activa o bueno,ONAMET,meteoclimática,pública,-69.839562,18.597791
ARPT. DE LAS AMÉRICAS,activa o bueno,ONAMET,meteoclimática,pública,-69.67959,18.43306
LOS LLANOS,activa o bueno,ONAMET,meteoclimática,pública,-69.490958,18.62499
LOYOLA (SCR ),activa o bueno,ONAMET,meteoclimática,pública,-70.112727,18.411929
MOCA,activa o bueno,ONAMET,meteoclimática,pública,-70.532128,19.388109
MONCIÓN,activa o bueno,ONAMET,meteoclimática,pública,-71.16163,19.40988
MONTE CRISTI,activa o bueno,ONAMET,meteoclimática,pública,-71.6535,19.84988
OVIEDO,activa o bueno,ONAMET,meteoclimática,pública,-71.40403,17.80205
PADRE LAS CASAS,activa o bueno,ONAMET,meteoclimática,pública,-70.94115,18.730262
PERALTA,activa o bueno,ONAMET,meteoclimática,pública,-70.75596,18.57806
POLO,activa o bueno,ONAMET,meteoclimática,pública,-71.27231,18.08746
RANCHO ARRIBA,activa o bueno,ONAMET,meteoclimática,pública,-70.44973,18.69438
RÍO SAN JUAN,activa o bueno,ONAMET,meteoclimática,pública,-70.074753,19.632512
SABANA DE LA MAR,activa o bueno,ONAMET,meteoclimática,pública,-69.388833,19.052667
SALCEDO,activa o bueno,ONAMET,meteoclimática,pública,-70.414978,19.375306
SAMANÁ,activa o bueno,ONAMET,meteoclimática,pública,-69.33286,19.20438
SAN JOSÉ DE OCOA,activa o bueno,ONAMET,meteoclimática,pública,-70.509495,18.542
SAN RAFAEL DEL YUMA,activa o bueno,ONAMET,meteoclimática,pública,-68.67416,18.426103
SÁNCHEZ,activa o bueno,ONAMET,meteoclimática,pública,-69.61311,19.23314
SANTIAGO,activa o bueno,ONAMET,meteoclimática,pública,-70.69806,19.50054
SANTO DOMINGO ESTE,activa o bueno,ONAMET,meteoclimática,pública,-69.870528,18.473389
VILLA RIVA,activa o bueno,ONAMET,meteoclimática,pública,-69.91483,19.17993
VILLA VÁSQUEZ,activa o bueno,ONAMET,meteoclimática,pública,-71.457297,19.742069
VILLA ALTAGRACIA,activa o bueno,ONAMET,meteoclimática,pública,-70.170604,18.675819
ALTAMIRA,inactiva o no reportada,ONAMET,meteoclimática,pública,-70.834,19.67516
ANGELINA,inactiva o no reportada,ONAMET,meteoclimática,pública,-70.219772,19.131379
ARPT. DE PUNTA CANA,inactiva o no reportada,ONAMET,meteoclimática,pública,-68.35941,18.564
ARPT. DEL CIBAO,inactiva o no reportada,ONAMET,meteoclimática,pública,-70.59781,19.40305
ARPT. EL CATEY,inactiva o no reportada,ONAMET,meteoclimática,pública,-69.73366,19.267
ARPT. LA ISABELA,inactiva o no reportada,ONAMET,meteoclimática,pública,-69.98158,18.57696
ARROYO LORO,inactiva o no reportada,ONAMET,meteoclimática,pública,-71.27818,18.81403
BANÍ,inactiva o no reportada,ONAMET,meteoclimática,pública,-70.310141,18.278667
BÁNICA,inactiva o no reportada,ONAMET,meteoclimática,pública,-71.698361,19.081556
BASE AÉREA DE SAN ISIDRO,inactiva o no reportada,ONAMET,meteoclimática,pública,-69.769894,18.499443
BOHECHÍO,inactiva o no reportada,ONAMET,meteoclimática,pública,-70.991503,18.77747
BONAO,inactiva o no reportada,ONAMET,meteoclimática,pública,-70.405,18.933167
CABRAL,inactiva o no reportada,ONAMET,meteoclimática,pública,-71.219201,18.247844
COTUÍ,inactiva o no reportada,ONAMET,meteoclimática,pública,-70.15273,19.04825
DAJABÓN,inactiva o no reportada,ONAMET,meteoclimática,pública,-71.70436,19.54325
DUVERGÉ,inactiva o no reportada,ONAMET,meteoclimática,pública,-71.51814,18.37666
EL CERCADO,inactiva o no reportada,ONAMET,meteoclimática,pública,-71.51884,18.72556
EL SEIBO,inactiva o no reportada,ONAMET,meteoclimática,pública,-69.03995,18.774383
ELÍAS PIÑA,inactiva o no reportada,ONAMET,meteoclimática,pública,-71.70133,18.876
ENRIQUILLO,inactiva o no reportada,ONAMET,meteoclimática,pública,-71.241726,17.891649
GASPAR HERNÁNDEZ,inactiva o no reportada,ONAMET,meteoclimática,pública,-70.27311,19.62383
GURABO,inactiva o no reportada,ONAMET,meteoclimática,pública,-70.667133,19.497939
HATO MAYOR,inactiva o no reportada,ONAMET,meteoclimática,pública,-69.255567,18.770052
HIGÜEY,inactiva o no reportada,ONAMET,meteoclimática,pública,-68.700981,18.62045
IMBERT,inactiva o no reportada,ONAMET,meteoclimática,pública,-70.830419,19.756257
JARDÍN BOTÁNICO NACIONAL,inactiva o no reportada,ONAMET,meteoclimática,pública,-69.952926,18.494893
JUMA BONAO,inactiva o no reportada,ONAMET,meteoclimática,pública,-70.385492,18.900467
LA VEGA - IATESA,inactiva o no reportada,ONAMET,meteoclimática,pública,-70.55246,19.2523
LA VEGA - M. A.,inactiva o no reportada,ONAMET,meteoclimática,pública,-70.4985,19.1992
LAS MATAS DE FARFÁN,inactiva o no reportada,ONAMET,meteoclimática,pública,-71.528194,18.874778
LAS MATAS DE SANTA CRUZ,inactiva o no reportada,ONAMET,meteoclimática,pública,-71.50686,19.65356
LIMÓN DEL YUNA,inactiva o no reportada,ONAMET,meteoclimática,pública,-69.78488,19.11985
LOMA DE CABRERA,inactiva o no reportada,ONAMET,meteoclimática,pública,-71.612283,19.419246
LUPERÓN,inactiva o no reportada,ONAMET,meteoclimática,pública,-70.964236,19.887171
MAO,inactiva o no reportada,ONAMET,meteoclimática,pública,-71.04966,19.58833
MICHES,inactiva o no reportada,ONAMET,meteoclimática,pública,-69.04221,18.980991
MONTE PLATA,inactiva o no reportada,ONAMET,meteoclimática,pública,-69.7816,18.802429
NAVARRETE,inactiva o no reportada,ONAMET,meteoclimática,pública,-70.867391,19.560624
NEIBA,inactiva o no reportada,ONAMET,meteoclimática,pública,-71.418885,18.483474
PARQUE MIRADOR NORTE,inactiva o no reportada,ONAMET,meteoclimática,pública,-69.931117,18.527627
PARQUE MIRADOR SUR,inactiva o no reportada,ONAMET,meteoclimática,pública,-69.93416,18.45298
RADIOSONDA,inactiva o no reportada,ONAMET,meteoclimática,pública,-69.870159,18.474157
RESTAURACIÓN,inactiva o no reportada,ONAMET,meteoclimática,pública,-71.68913,19.31497
SABANA GRANDE DE BOYÁ,inactiva o no reportada,ONAMET,meteoclimática,pública,-69.800986,18.943844
SAN CRISTÓBAL,inactiva o no reportada,ONAMET,meteoclimática,pública,-70.09011,18.4071
SANTIAGO RODRÍGUEZ,inactiva o no reportada,ONAMET,meteoclimática,pública,-71.338987,19.477117
TÁBARA ABAJO,inactiva o no reportada,ONAMET,meteoclimática,pública,-70.86903,18.46438
TAMBORIL,inactiva o no reportada,ONAMET,meteoclimática,pública,-70.611409,19.483423
VILLA ISABELA,inactiva o no reportada,ONAMET,meteoclimática,pública,-71.05694,19.82111
VILLA LOS ALMÁCIGOS,inactiva o no reportada,ONAMET,meteoclimática,pública,-71.443281,19.410804
YAMASÁ,inactiva o no reportada,ONAMET,meteoclimática,pública,-70.021748,18.772706
